0 verbose cli /usr/bin/node /usr/bin/npm
1 info using npm@11.6.3
2 info using node@v24.13.0
3 silly config load:file:/usr/lib/node_modules/npm/npmrc
4 silly config load:file:/var/www/.npmrc
5 silly config load:file:/etc/npmrc
6 verbose title npm install
7 verbose argv "install"
8 verbose logfile logs-max:10 dir:/var/www/.npm/_logs/2026-02-03T18_40_03_533Z-
9 verbose logfile /var/www/.npm/_logs/2026-02-03T18_40_03_533Z-debug-0.log
10 silly logfile start cleaning logs, removing 1 files
11 silly packumentCache heap:4496293888 maxSize:1124073472 maxEntrySize:562036736
12 silly logfile done cleaning log files
13 silly idealTree buildDeps
14 silly reify moves {}
15 silly audit bulk request {
15 silly audit   '@adobe/css-tools': [ '4.4.4' ],
15 silly audit   '@asamuzakjp/css-color': [ '3.2.0' ],
15 silly audit   'lru-cache': [ '10.4.3', '5.1.1' ],
15 silly audit   '@babel/code-frame': [ '7.28.6' ],
15 silly audit   '@babel/compat-data': [ '7.28.6' ],
15 silly audit   '@babel/core': [ '7.28.6' ],
15 silly audit   '@babel/generator': [ '7.28.6' ],
15 silly audit   '@babel/helper-annotate-as-pure': [ '7.27.3' ],
15 silly audit   '@babel/helper-compilation-targets': [ '7.28.6' ],
15 silly audit   '@babel/helper-create-class-features-plugin': [ '7.28.6' ],
15 silly audit   '@babel/helper-create-regexp-features-plugin': [ '7.28.5' ],
15 silly audit   '@babel/helper-define-polyfill-provider': [ '0.6.5' ],
15 silly audit   '@babel/helper-globals': [ '7.28.0' ],
15 silly audit   '@babel/helper-member-expression-to-functions': [ '7.28.5' ],
15 silly audit   '@babel/helper-module-imports': [ '7.28.6' ],
15 silly audit   '@babel/helper-module-transforms': [ '7.28.6' ],
15 silly audit   '@babel/helper-optimise-call-expression': [ '7.27.1' ],
15 silly audit   '@babel/helper-plugin-utils': [ '7.28.6' ],
15 silly audit   '@babel/helper-remap-async-to-generator': [ '7.27.1' ],
15 silly audit   '@babel/helper-replace-supers': [ '7.28.6' ],
15 silly audit   '@babel/helper-skip-transparent-expression-wrappers': [ '7.27.1' ],
15 silly audit   '@babel/helper-string-parser': [ '7.27.1' ],
15 silly audit   '@babel/helper-validator-identifier': [ '7.28.5' ],
15 silly audit   '@babel/helper-validator-option': [ '7.27.1' ],
15 silly audit   '@babel/helper-wrap-function': [ '7.28.6' ],
15 silly audit   '@babel/helpers': [ '7.28.6' ],
15 silly audit   '@babel/parser': [ '7.28.6' ],
15 silly audit   '@babel/plugin-bugfix-firefox-class-in-computed-class-key': [ '7.28.5' ],
15 silly audit   '@babel/plugin-bugfix-safari-class-field-initializer-scope': [ '7.27.1' ],
15 silly audit   '@babel/plugin-bugfix-safari-id-destructuring-collision-in-function-expression': [ '7.27.1' ],
15 silly audit   '@babel/plugin-bugfix-v8-spread-parameters-in-optional-chaining': [ '7.27.1' ],
15 silly audit   '@babel/plugin-bugfix-v8-static-class-fields-redefine-readonly': [ '7.28.6' ],
15 silly audit   '@babel/plugin-proposal-private-property-in-object': [ '7.21.0-placeholder-for-preset-env.2' ],
15 silly audit   '@babel/plugin-syntax-import-assertions': [ '7.28.6' ],
15 silly audit   '@babel/plugin-syntax-import-attributes': [ '7.28.6' ],
15 silly audit   '@babel/plugin-syntax-unicode-sets-regex': [ '7.18.6' ],
15 silly audit   '@babel/plugin-transform-arrow-functions': [ '7.27.1' ],
15 silly audit   '@babel/plugin-transform-async-generator-functions': [ '7.28.6' ],
15 silly audit   '@babel/plugin-transform-async-to-generator': [ '7.28.6' ],
15 silly audit   '@babel/plugin-transform-block-scoped-functions': [ '7.27.1' ],
15 silly audit   '@babel/plugin-transform-block-scoping': [ '7.28.6' ],
15 silly audit   '@babel/plugin-transform-class-properties': [ '7.28.6' ],
15 silly audit   '@babel/plugin-transform-class-static-block': [ '7.28.6' ],
15 silly audit   '@babel/plugin-transform-classes': [ '7.28.6' ],
15 silly audit   '@babel/plugin-transform-computed-properties': [ '7.28.6' ],
15 silly audit   '@babel/plugin-transform-destructuring': [ '7.28.5' ],
15 silly audit   '@babel/plugin-transform-dotall-regex': [ '7.28.6' ],
15 silly audit   '@babel/plugin-transform-duplicate-keys': [ '7.27.1' ],
15 silly audit   '@babel/plugin-transform-duplicate-named-capturing-groups-regex': [ '7.28.6' ],
15 silly audit   '@babel/plugin-transform-dynamic-import': [ '7.27.1' ],
15 silly audit   '@babel/plugin-transform-explicit-resource-management': [ '7.28.6' ],
15 silly audit   '@babel/plugin-transform-exponentiation-operator': [ '7.28.6' ],
15 silly audit   '@babel/plugin-transform-export-namespace-from': [ '7.27.1' ],
15 silly audit   '@babel/plugin-transform-for-of': [ '7.27.1' ],
15 silly audit   '@babel/plugin-transform-function-name': [ '7.27.1' ],
15 silly audit   '@babel/plugin-transform-json-strings': [ '7.28.6' ],
15 silly audit   '@babel/plugin-transform-literals': [ '7.27.1' ],
15 silly audit   '@babel/plugin-transform-logical-assignment-operators': [ '7.28.6' ],
15 silly audit   '@babel/plugin-transform-member-expression-literals': [ '7.27.1' ],
15 silly audit   '@babel/plugin-transform-modules-amd': [ '7.27.1' ],
15 silly audit   '@babel/plugin-transform-modules-commonjs': [ '7.28.6' ],
15 silly audit   '@babel/plugin-transform-modules-systemjs': [ '7.28.5' ],
15 silly audit   '@babel/plugin-transform-modules-umd': [ '7.27.1' ],
15 silly audit   '@babel/plugin-transform-named-capturing-groups-regex': [ '7.27.1' ],
15 silly audit   '@babel/plugin-transform-new-target': [ '7.27.1' ],
15 silly audit   '@babel/plugin-transform-nullish-coalescing-operator': [ '7.28.6' ],
15 silly audit   '@babel/plugin-transform-numeric-separator': [ '7.28.6' ],
15 silly audit   '@babel/plugin-transform-object-rest-spread': [ '7.28.6' ],
15 silly audit   '@babel/plugin-transform-object-super': [ '7.27.1' ],
15 silly audit   '@babel/plugin-transform-optional-catch-binding': [ '7.28.6' ],
15 silly audit   '@babel/plugin-transform-optional-chaining': [ '7.28.6' ],
15 silly audit   '@babel/plugin-transform-parameters': [ '7.27.7' ],
15 silly audit   '@babel/plugin-transform-private-methods': [ '7.28.6' ],
15 silly audit   '@babel/plugin-transform-private-property-in-object': [ '7.28.6' ],
15 silly audit   '@babel/plugin-transform-property-literals': [ '7.27.1' ],
15 silly audit   '@babel/plugin-transform-regenerator': [ '7.28.6' ],
15 silly audit   '@babel/plugin-transform-regexp-modifiers': [ '7.28.6' ],
15 silly audit   '@babel/plugin-transform-reserved-words': [ '7.27.1' ],
15 silly audit   '@babel/plugin-transform-shorthand-properties': [ '7.27.1' ],
15 silly audit   '@babel/plugin-transform-spread': [ '7.28.6' ],
15 silly audit   '@babel/plugin-transform-sticky-regex': [ '7.27.1' ],
15 silly audit   '@babel/plugin-transform-template-literals': [ '7.27.1' ],
15 silly audit   '@babel/plugin-transform-typeof-symbol': [ '7.27.1' ],
15 silly audit   '@babel/plugin-transform-unicode-escapes': [ '7.27.1' ],
15 silly audit   '@babel/plugin-transform-unicode-property-regex': [ '7.28.6' ],
15 silly audit   '@babel/plugin-transform-unicode-regex': [ '7.27.1' ],
15 silly audit   '@babel/plugin-transform-unicode-sets-regex': [ '7.28.6' ],
15 silly audit   '@babel/preset-env': [ '7.28.6' ],
15 silly audit   '@babel/preset-modules': [ '0.1.6-no-external-plugins' ],
15 silly audit   '@babel/runtime': [ '7.28.6' ],
15 silly audit   '@babel/template': [ '7.28.6' ],
15 silly audit   '@babel/traverse': [ '7.28.6' ],
15 silly audit   '@babel/types': [ '7.28.6' ],
15 silly audit   '@csstools/color-helpers': [ '5.1.0' ],
15 silly audit   '@csstools/css-calc': [ '2.1.4' ],
15 silly audit   '@csstools/css-color-parser': [ '3.1.0' ],
15 silly audit   '@csstools/css-parser-algorithms': [ '3.0.5' ],
15 silly audit   '@csstools/css-tokenizer': [ '3.0.4' ],
15 silly audit   '@discoveryjs/json-ext': [ '0.5.7' ],
15 silly audit   '@esbuild/aix-ppc64': [ '0.27.2' ],
15 silly audit   '@esbuild/android-arm': [ '0.27.2' ],
15 silly audit   '@esbuild/android-arm64': [ '0.27.2' ],
15 silly audit   '@esbuild/android-x64': [ '0.27.2' ],
15 silly audit   '@esbuild/darwin-arm64': [ '0.27.2' ],
15 silly audit   '@esbuild/darwin-x64': [ '0.27.2' ],
15 silly audit   '@esbuild/freebsd-arm64': [ '0.27.2' ],
15 silly audit   '@esbuild/freebsd-x64': [ '0.27.2' ],
15 silly audit   '@esbuild/linux-arm': [ '0.27.2' ],
15 silly audit   '@esbuild/linux-arm64': [ '0.27.2' ],
15 silly audit   '@esbuild/linux-ia32': [ '0.27.2' ],
15 silly audit   '@esbuild/linux-loong64': [ '0.27.2' ],
15 silly audit   '@esbuild/linux-mips64el': [ '0.27.2' ],
15 silly audit   '@esbuild/linux-ppc64': [ '0.27.2' ],
15 silly audit   '@esbuild/linux-riscv64': [ '0.27.2' ],
15 silly audit   '@esbuild/linux-s390x': [ '0.27.2' ],
15 silly audit   '@esbuild/linux-x64': [ '0.27.2' ],
15 silly audit   '@esbuild/netbsd-arm64': [ '0.27.2' ],
15 silly audit   '@esbuild/netbsd-x64': [ '0.27.2' ],
15 silly audit   '@esbuild/openbsd-arm64': [ '0.27.2' ],
15 silly audit   '@esbuild/openbsd-x64': [ '0.27.2' ],
15 silly audit   '@esbuild/openharmony-arm64': [ '0.27.2' ],
15 silly audit   '@esbuild/sunos-x64': [ '0.27.2' ],
15 silly audit   '@esbuild/win32-arm64': [ '0.27.2' ],
15 silly audit   '@esbuild/win32-ia32': [ '0.27.2' ],
15 silly audit   '@esbuild/win32-x64': [ '0.27.2' ],
15 silly audit   '@hotwired/stimulus': [ '3.2.2' ],
15 silly audit   '@hotwired/stimulus-webpack-helpers': [ '1.0.1' ],
15 silly audit   '@hotwired/turbo': [ '8.0.21' ],
15 silly audit   '@jest/pattern': [ '30.0.1' ],
15 silly audit   '@jest/schemas': [ '30.0.5' ],
15 silly audit   '@jest/types': [ '30.2.0' ],
15 silly audit   'ansi-styles': [ '4.3.0', '3.2.1', '5.2.0' ],
15 silly audit   chalk: [ '4.1.2', '2.4.2' ],
15 silly audit   'color-convert': [ '2.0.1', '1.9.3' ],
15 silly audit   'color-name': [ '1.1.4', '1.1.3' ],
15 silly audit   'has-flag': [ '4.0.0', '3.0.0' ],
15 silly audit   'supports-color': [ '7.2.0', '8.1.1', '5.5.0' ],
15 silly audit   '@jridgewell/gen-mapping': [ '0.3.13' ],
15 silly audit   '@jridgewell/remapping': [ '2.3.5' ],
15 silly audit   '@jridgewell/resolve-uri': [ '3.1.2' ],
15 silly audit   '@jridgewell/source-map': [ '0.3.11' ],
15 silly audit   '@jridgewell/sourcemap-codec': [ '1.5.5' ],
15 silly audit   '@jridgewell/trace-mapping': [ '0.3.31' ],
15 silly audit   '@nuxt/friendly-errors-webpack-plugin': [ '2.6.0' ],
15 silly audit   '@parcel/watcher': [ '2.5.4' ],
15 silly audit   '@parcel/watcher-android-arm64': [ '2.5.4' ],
15 silly audit   '@parcel/watcher-darwin-arm64': [ '2.5.4' ],
15 silly audit   '@parcel/watcher-darwin-x64': [ '2.5.4' ],
15 silly audit   '@parcel/watcher-freebsd-x64': [ '2.5.4' ],
15 silly audit   '@parcel/watcher-linux-arm-glibc': [ '2.5.4' ],
15 silly audit   '@parcel/watcher-linux-arm-musl': [ '2.5.4' ],
15 silly audit   '@parcel/watcher-linux-arm64-glibc': [ '2.5.4' ],
15 silly audit   '@parcel/watcher-linux-arm64-musl': [ '2.5.4' ],
15 silly audit   '@parcel/watcher-linux-x64-glibc': [ '2.5.4' ],
15 silly audit   '@parcel/watcher-linux-x64-musl': [ '2.5.4' ],
15 silly audit   '@parcel/watcher-win32-arm64': [ '2.5.4' ],
15 silly audit   '@parcel/watcher-win32-ia32': [ '2.5.4' ],
15 silly audit   '@parcel/watcher-win32-x64': [ '2.5.4' ],
15 silly audit   '@popperjs/core': [ '2.11.8' ],
15 silly audit   '@rollup/rollup-android-arm-eabi': [ '4.57.1' ],
15 silly audit   '@rollup/rollup-android-arm64': [ '4.57.1' ],
15 silly audit   '@rollup/rollup-darwin-arm64': [ '4.57.1' ],
15 silly audit   '@rollup/rollup-darwin-x64': [ '4.57.1' ],
15 silly audit   '@rollup/rollup-freebsd-arm64': [ '4.57.1' ],
15 silly audit   '@rollup/rollup-freebsd-x64': [ '4.57.1' ],
15 silly audit   '@rollup/rollup-linux-arm-gnueabihf': [ '4.57.1' ],
15 silly audit   '@rollup/rollup-linux-arm-musleabihf': [ '4.57.1' ],
15 silly audit   '@rollup/rollup-linux-arm64-gnu': [ '4.57.1' ],
15 silly audit   '@rollup/rollup-linux-arm64-musl': [ '4.57.1' ],
15 silly audit   '@rollup/rollup-linux-loong64-gnu': [ '4.57.1' ],
15 silly audit   '@rollup/rollup-linux-loong64-musl': [ '4.57.1' ],
15 silly audit   '@rollup/rollup-linux-ppc64-gnu': [ '4.57.1' ],
15 silly audit   '@rollup/rollup-linux-ppc64-musl': [ '4.57.1' ],
15 silly audit   '@rollup/rollup-linux-riscv64-gnu': [ '4.57.1' ],
15 silly audit   '@rollup/rollup-linux-riscv64-musl': [ '4.57.1' ],
15 silly audit   '@rollup/rollup-linux-s390x-gnu': [ '4.57.1' ],
15 silly audit   '@rollup/rollup-linux-x64-gnu': [ '4.57.1' ],
15 silly audit   '@rollup/rollup-linux-x64-musl': [ '4.57.1' ],
15 silly audit   '@rollup/rollup-openbsd-x64': [ '4.57.1' ],
15 silly audit   '@rollup/rollup-openharmony-arm64': [ '4.57.1' ],
15 silly audit   '@rollup/rollup-win32-arm64-msvc': [ '4.57.1' ],
15 silly audit   '@rollup/rollup-win32-ia32-msvc': [ '4.57.1' ],
15 silly audit   '@rollup/rollup-win32-x64-gnu': [ '4.57.1' ],
15 silly audit   '@rollup/rollup-win32-x64-msvc': [ '4.57.1' ],
15 silly audit   '@sinclair/typebox': [ '0.34.47' ],
15 silly audit   '@symfony/stimulus-bridge': [ '4.0.1' ],
15 silly audit   '@symfony/webpack-encore': [ '5.3.1' ],
15 silly audit   semver: [ '7.7.3', '6.3.1' ],
15 silly audit   '@testing-library/dom': [ '10.4.1' ],
15 silly audit   '@testing-library/jest-dom': [ '6.9.1' ],
15 silly audit   'dom-accessibility-api': [ '0.6.3', '0.5.16' ],
15 silly audit   '@testing-library/user-event': [ '14.6.1' ],
15 silly audit   '@types/aria-query': [ '5.0.4' ],
15 silly audit   '@types/chai': [ '5.2.3' ],
15 silly audit   '@types/deep-eql': [ '4.0.2' ],
15 silly audit   '@types/eslint': [ '9.6.1' ],
15 silly audit   '@types/eslint-scope': [ '3.7.7' ],
15 silly audit   '@types/estree': [ '1.0.8' ],
15 silly audit   '@types/hotwired__turbo': [ '8.0.6' ],
15 silly audit   '@types/istanbul-lib-coverage': [ '2.0.6' ],
15 silly audit   '@types/istanbul-lib-report': [ '3.0.3' ],
15 silly audit   '@types/istanbul-reports': [ '3.0.4' ],
15 silly audit   '@types/json-schema': [ '7.0.15' ],
15 silly audit   '@types/node': [ '25.0.9' ],
15 silly audit   '@types/webpack-env': [ '1.18.8' ],
15 silly audit   '@types/yargs': [ '17.0.35' ],
15 silly audit   '@types/yargs-parser': [ '21.0.3' ],
15 silly audit   '@ungap/structured-clone': [ '1.3.0' ],
15 silly audit   '@vitest/expect': [ '3.2.4' ],
15 silly audit   '@vitest/mocker': [ '3.2.4' ],
15 silly audit   '@vitest/pretty-format': [ '3.2.4' ],
15 silly audit   '@vitest/runner': [ '3.2.4' ],
15 silly audit   '@vitest/snapshot': [ '3.2.4' ],
15 silly audit   '@vitest/spy': [ '3.2.4' ],
15 silly audit   '@vitest/utils': [ '3.2.4' ],
15 silly audit   '@webassemblyjs/ast': [ '1.14.1' ],
15 silly audit   '@webassemblyjs/floating-point-hex-parser': [ '1.13.2' ],
15 silly audit   '@webassemblyjs/helper-api-error': [ '1.13.2' ],
15 silly audit   '@webassemblyjs/helper-buffer': [ '1.14.1' ],
15 silly audit   '@webassemblyjs/helper-numbers': [ '1.13.2' ],
15 silly audit   '@webassemblyjs/helper-wasm-bytecode': [ '1.13.2' ],
15 silly audit   '@webassemblyjs/helper-wasm-section': [ '1.14.1' ],
15 silly audit   '@webassemblyjs/ieee754': [ '1.13.2' ],
15 silly audit   '@webassemblyjs/leb128': [ '1.13.2' ],
15 silly audit   '@webassemblyjs/utf8': [ '1.13.2' ],
15 silly audit   '@webassemblyjs/wasm-edit': [ '1.14.1' ],
15 silly audit   '@webassemblyjs/wasm-gen': [ '1.14.1' ],
15 silly audit   '@webassemblyjs/wasm-opt': [ '1.14.1' ],
15 silly audit   '@webassemblyjs/wasm-parser': [ '1.14.1' ],
15 silly audit   '@webassemblyjs/wast-printer': [ '1.14.1' ],
15 silly audit   '@webpack-cli/configtest': [ '2.1.1' ],
15 silly audit   '@webpack-cli/info': [ '2.0.2' ],
15 silly audit   '@webpack-cli/serve': [ '2.0.5' ],
15 silly audit   '@xtuc/ieee754': [ '1.2.0' ],
15 silly audit   '@xtuc/long': [ '4.2.2' ],
15 silly audit   '@zackad/prettier-plugin-twig': [ '0.16.2' ],
15 silly audit   acorn: [ '8.15.0' ],
15 silly audit   'acorn-import-phases': [ '1.0.4' ],
15 silly audit   'adjust-sourcemap-loader': [ '4.0.0' ],
15 silly audit   'agent-base': [ '7.1.4' ],
15 silly audit   ajv: [ '8.17.1' ],
15 silly audit   'ajv-formats': [ '2.1.1' ],
15 silly audit   'ajv-keywords': [ '5.1.0' ],
15 silly audit   'ansi-regex': [ '5.0.1' ],
15 silly audit   'aria-query': [ '5.3.0' ],
15 silly audit   'assertion-error': [ '2.0.1' ],
15 silly audit   'babel-loader': [ '10.0.0' ],
15 silly audit   'babel-plugin-polyfill-corejs2': [ '0.4.14' ],
15 silly audit   'babel-plugin-polyfill-corejs3': [ '0.13.0' ],
15 silly audit   'babel-plugin-polyfill-regenerator': [ '0.6.5' ],
15 silly audit   'baseline-browser-mapping': [ '2.9.14' ],
15 silly audit   'big.js': [ '5.2.2' ],
15 silly audit   boolbase: [ '1.0.0' ],
15 silly audit   bootstrap: [ '5.3.8' ],
15 silly audit   browserslist: [ '4.28.1' ],
15 silly audit   'buffer-from': [ '1.1.2' ],
15 silly audit   cac: [ '6.7.14' ],
15 silly audit   'caniuse-api': [ '3.0.0' ],
15 silly audit   'caniuse-lite': [ '1.0.30001764' ],
15 silly audit   chai: [ '5.3.3' ],
15 silly audit   'check-error': [ '2.1.3' ],
15 silly audit   chokidar: [ '4.0.3' ],
15 silly audit   'chrome-trace-event': [ '1.0.4' ],
15 silly audit   'ci-info': [ '4.3.1' ],
15 silly audit   'clone-deep': [ '4.0.1' ],
15 silly audit   colord: [ '2.9.3' ],
15 silly audit   colorette: [ '2.0.20' ],
15 silly audit   commander: [ '11.1.0', '2.20.3', '10.0.1' ],
15 silly audit   consola: [ '3.4.2' ],
15 silly audit   'convert-source-map': [ '2.0.0', '1.9.0' ],
15 silly audit   'core-js': [ '3.47.0' ],
15 silly audit   'core-js-compat': [ '3.47.0' ],
15 silly audit   'cross-spawn': [ '7.0.6' ],
15 silly audit   'css-declaration-sorter': [ '7.3.1' ],
15 silly audit   'css-loader': [ '7.1.2' ],
15 silly audit   'css-minimizer-webpack-plugin': [ '7.0.4' ],
15 silly audit   'css-select': [ '4.3.0', '5.2.2' ],
15 silly audit   'css-tree': [ '3.1.0', '2.2.1' ],
15 silly audit   'css-what': [ '6.2.2' ],
15 silly audit   'css.escape': [ '1.5.1' ],
15 silly audit   cssesc: [ '3.0.0' ],
15 silly audit   cssnano: [ '7.1.2' ],
15 silly audit   'cssnano-preset-default': [ '7.0.10' ],
15 silly audit   'cssnano-utils': [ '5.0.1' ],
15 silly audit   csso: [ '5.0.5' ],
15 silly audit   'mdn-data': [ '2.0.28', '2.12.2' ],
15 silly audit   cssstyle: [ '4.6.0' ],
15 silly audit   'data-urls': [ '5.0.0' ],
15 silly audit   debug: [ '4.4.3' ],
15 silly audit   'decimal.js': [ '10.6.0' ],
15 silly audit   'deep-eql': [ '5.0.2' ],
15 silly audit   dequal: [ '2.0.3' ],
15 silly audit   'detect-libc': [ '2.1.2' ],
15 silly audit   'dom-converter': [ '0.2.0' ],
15 silly audit   'dom-serializer': [ '1.4.1', '2.0.0' ],
15 silly audit   domelementtype: [ '2.3.0' ],
15 silly audit   domhandler: [ '4.3.1', '5.0.3' ],
15 silly audit   domutils: [ '2.8.0', '3.2.2' ],
15 silly audit   'electron-to-chromium': [ '1.5.267' ],
15 silly audit   'emoji-regex': [ '8.0.0' ],
15 silly audit   'emojis-list': [ '3.0.0' ],
15 silly audit   'enhanced-resolve': [ '5.18.4' ],
15 silly audit   entities: [ '2.2.0', '6.0.1', '4.5.0' ],
15 silly audit   envinfo: [ '7.21.0' ],
15 silly audit   'error-stack-parser': [ '2.1.4' ],
15 silly audit   'es-module-lexer': [ '2.0.0', '1.7.0' ],
15 silly audit   esbuild: [ '0.27.2' ],
15 silly audit   escalade: [ '3.2.0' ],
15 silly audit   'escape-string-regexp': [ '1.0.5' ],
15 silly audit   'eslint-scope': [ '5.1.1' ],
15 silly audit   esrecurse: [ '4.3.0' ],
15 silly audit   estraverse: [ '5.3.0', '4.3.0' ],
15 silly audit   'estree-walker': [ '3.0.3' ],
15 silly audit   esutils: [ '2.0.3' ],
15 silly audit   events: [ '3.3.0' ],
15 silly audit   'expect-type': [ '1.3.0' ],
15 silly audit   'fast-deep-equal': [ '3.1.3' ],
15 silly audit   'fast-uri': [ '3.1.0' ],
15 silly audit   'fastest-levenshtein': [ '1.0.16' ],
15 silly audit   fdir: [ '6.5.0' ],
15 silly audit   'find-up': [ '5.0.0', '4.1.0' ],
15 silly audit   flat: [ '5.0.2' ],
15 silly audit   fsevents: [ '2.3.3' ],
15 silly audit   'function-bind': [ '1.1.2' ],
15 silly audit   gensync: [ '1.0.0-beta.2' ],
15 silly audit   'get-tsconfig': [ '4.13.1' ],
15 silly audit   'glob-to-regexp': [ '0.4.1' ],
15 silly audit   'graceful-fs': [ '4.2.11' ],
15 silly audit   hasown: [ '2.0.2' ],
15 silly audit   he: [ '1.2.0' ],
15 silly audit   'html-encoding-sniffer': [ '4.0.0' ],
15 silly audit   htmlparser2: [ '6.1.0' ],
15 silly audit   'http-proxy-agent': [ '7.0.2' ],
15 silly audit   'https-proxy-agent': [ '7.0.6' ],
15 silly audit   'iconv-lite': [ '0.6.3' ],
15 silly audit   'icss-utils': [ '5.1.0' ],
15 silly audit   immutable: [ '5.1.4' ],
15 silly audit   'import-local': [ '3.2.0' ],
15 silly audit   'indent-string': [ '4.0.0' ],
15 silly audit   interpret: [ '3.1.1' ],
15 silly audit   'is-core-module': [ '2.16.1' ],
15 silly audit   'is-extglob': [ '2.1.1' ],
15 silly audit   'is-fullwidth-code-point': [ '3.0.0' ],
15 silly audit   'is-glob': [ '4.0.3' ],
15 silly audit   'is-plain-object': [ '2.0.4' ],
15 silly audit   'is-potential-custom-element-name': [ '1.0.1' ],
15 silly audit   isexe: [ '2.0.0' ],
15 silly audit   isobject: [ '3.0.1' ],
15 silly audit   'jest-regex-util': [ '30.0.1' ],
15 silly audit   'jest-util': [ '30.2.0' ],
15 silly audit   'jest-worker': [ '30.2.0', '27.5.1' ],
15 silly audit   'js-tokens': [ '4.0.0', '9.0.1' ],
15 silly audit   jsdom: [ '26.1.0' ],
15 silly audit   jsesc: [ '3.1.0' ],
15 silly audit   'json-parse-even-better-errors': [ '2.3.1' ],
15 silly audit   'json-schema-traverse': [ '1.0.0' ],
15 silly audit   json5: [ '2.2.3' ],
15 silly audit   'kind-of': [ '6.0.3' ],
15 silly audit   lilconfig: [ '3.1.3' ],
15 silly audit   'loader-runner': [ '4.3.1' ],
15 silly audit   'loader-utils': [ '2.0.4' ],
15 silly audit   'locate-path': [ '6.0.0', '5.0.0' ],
15 silly audit   lodash: [ '4.17.23' ],
15 silly audit   'lodash.debounce': [ '4.0.8' ],
15 silly audit   'lodash.memoize': [ '4.1.2' ],
15 silly audit   'lodash.uniq': [ '4.5.0' ],
15 silly audit   loupe: [ '3.2.1' ],
15 silly audit   'lz-string': [ '1.5.0' ],
15 silly audit   'magic-string': [ '0.30.21' ],
15 silly audit   'merge-stream': [ '2.0.0' ],
15 silly audit   'mime-db': [ '1.52.0' ],
15 silly audit   'mime-types': [ '2.1.35' ],
15 silly audit   'min-indent': [ '1.0.1' ],
15 silly audit   'mini-css-extract-plugin': [ '2.9.4' ],
15 silly audit   ms: [ '2.1.3' ],
15 silly audit   nanoid: [ '3.3.11' ],
15 silly audit   'neo-async': [ '2.6.2' ],
15 silly audit   'node-addon-api': [ '7.1.1' ],
15 silly audit   'node-releases': [ '2.0.27' ],
15 silly audit   'nth-check': [ '2.1.1' ],
15 silly audit   nwsapi: [ '2.2.23' ],
15 silly audit   'p-limit': [ '3.1.0', '2.3.0' ],
15 silly audit   'p-locate': [ '5.0.0', '4.1.0' ],
15 silly audit   'p-try': [ '2.2.0' ],
15 silly audit   parse5: [ '7.3.0' ],
15 silly audit   'path-exists': [ '4.0.0' ],
15 silly audit   'path-key': [ '3.1.1' ],
15 silly audit   'path-parse': [ '1.0.7' ],
15 silly audit   pathe: [ '2.0.3' ],
15 silly audit   pathval: [ '2.0.1' ],
15 silly audit   picocolors: [ '1.1.1' ],
15 silly audit   picomatch: [ '4.0.3' ],
15 silly audit   'pkg-dir': [ '4.2.0' ],
15 silly audit   postcss: [ '8.5.6' ],
15 silly audit   'postcss-calc': [ '10.1.1' ],
15 silly audit   'postcss-colormin': [ '7.0.5' ],
15 silly audit   'postcss-convert-values': [ '7.0.8' ],
15 silly audit   'postcss-discard-comments': [ '7.0.5' ],
15 silly audit   'postcss-discard-duplicates': [ '7.0.2' ],
15 silly audit   'postcss-discard-empty': [ '7.0.1' ],
15 silly audit   'postcss-discard-overridden': [ '7.0.1' ],
15 silly audit   'postcss-merge-longhand': [ '7.0.5' ],
15 silly audit   'postcss-merge-rules': [ '7.0.7' ],
15 silly audit   'postcss-minify-font-values': [ '7.0.1' ],
15 silly audit   'postcss-minify-gradients': [ '7.0.1' ],
15 silly audit   'postcss-minify-params': [ '7.0.5' ],
15 silly audit   'postcss-minify-selectors': [ '7.0.5' ],
15 silly audit   'postcss-modules-extract-imports': [ '3.1.0' ],
15 silly audit   'postcss-modules-local-by-default': [ '4.2.0' ],
15 silly audit   'postcss-modules-scope': [ '3.2.1' ],
15 silly audit   'postcss-modules-values': [ '4.0.0' ],
15 silly audit   'postcss-normalize-charset': [ '7.0.1' ],
15 silly audit   'postcss-normalize-display-values': [ '7.0.1' ],
15 silly audit   'postcss-normalize-positions': [ '7.0.1' ],
15 silly audit   'postcss-normalize-repeat-style': [ '7.0.1' ],
15 silly audit   'postcss-normalize-string': [ '7.0.1' ],
15 silly audit   'postcss-normalize-timing-functions': [ '7.0.1' ],
15 silly audit   'postcss-normalize-unicode': [ '7.0.5' ],
15 silly audit   'postcss-normalize-url': [ '7.0.1' ],
15 silly audit   'postcss-normalize-whitespace': [ '7.0.1' ],
15 silly audit   'postcss-ordered-values': [ '7.0.2' ],
15 silly audit   'postcss-reduce-initial': [ '7.0.5' ],
15 silly audit   'postcss-reduce-transforms': [ '7.0.1' ],
15 silly audit   'postcss-selector-parser': [ '7.1.1' ],
15 silly audit   'postcss-svgo': [ '7.1.0' ],
15 silly audit   'postcss-unique-selectors': [ '7.0.4' ],
15 silly audit   'postcss-value-parser': [ '4.2.0' ],
15 silly audit   prettier: [ '3.8.1' ],
15 silly audit   'pretty-error': [ '4.0.0' ],
15 silly audit   'pretty-format': [ '27.5.1' ],
15 silly audit   punycode: [ '2.3.1' ],
15 silly audit   randombytes: [ '2.1.0' ],
15 silly audit   'react-is': [ '17.0.2' ],
15 silly audit   readdirp: [ '4.1.2' ],
15 silly audit   rechoir: [ '0.8.0' ],
15 silly audit   redent: [ '3.0.0' ],
15 silly audit   regenerate: [ '1.4.2' ],
15 silly audit   'regenerate-unicode-properties': [ '10.2.2' ],
15 silly audit   'regenerator-runtime': [ '0.13.11' ],
15 silly audit   'regex-parser': [ '2.3.1' ],
15 silly audit   'regexpu-core': [ '6.4.0' ],
15 silly audit   regjsgen: [ '0.8.0' ],
15 silly audit   regjsparser: [ '0.13.0' ],
15 silly audit   renderkid: [ '3.0.0' ],
15 silly audit   'require-from-string': [ '2.0.2' ],
15 silly audit   resolve: [ '1.22.11' ],
15 silly audit   'resolve-cwd': [ '3.0.0' ],
15 silly audit   'resolve-from': [ '5.0.0' ],
15 silly audit   'resolve-pkg-maps': [ '1.0.0' ],
15 silly audit   'resolve-url-loader': [ '5.0.0' ],
15 silly audit   rollup: [ '4.57.1' ],
15 silly audit   'rrweb-cssom': [ '0.8.0' ],
15 silly audit   'safe-buffer': [ '5.2.1' ],
15 silly audit   'safer-buffer': [ '2.1.2' ],
15 silly audit   sass: [ '1.97.3' ],
15 silly audit   'sass-loader': [ '16.0.6' ],
15 silly audit   sax: [ '1.4.4' ],
15 silly audit   saxes: [ '6.0.0' ],
15 silly audit   'schema-utils': [ '4.3.3' ],
15 silly audit   'serialize-javascript': [ '6.0.2' ],
15 silly audit   'shallow-clone': [ '3.0.1' ],
15 silly audit   'shebang-command': [ '2.0.0' ],
15 silly audit   'shebang-regex': [ '3.0.0' ],
15 silly audit   siginfo: [ '2.0.0' ],
15 silly audit   'source-list-map': [ '2.0.1' ],
15 silly audit   'source-map': [ '0.6.1' ],
15 silly audit   'source-map-js': [ '1.2.1' ],
15 silly audit   'source-map-support': [ '0.5.21' ],
15 silly audit   stackback: [ '0.0.2' ],
15 silly audit   stackframe: [ '1.3.4' ],
15 silly audit   'std-env': [ '3.10.0' ],
15 silly audit   'string-width': [ '4.2.3' ],
15 silly audit   'strip-ansi': [ '6.0.1' ],
15 silly audit   'strip-indent': [ '3.0.0' ],
15 silly audit   'strip-literal': [ '3.1.0' ],
15 silly audit   'style-loader': [ '4.0.0' ],
15 silly audit   stylehacks: [ '7.0.7' ],
15 silly audit   'supports-preserve-symlinks-flag': [ '1.0.0' ],
15 silly audit   svgo: [ '4.0.0' ],
15 silly audit   'symbol-tree': [ '3.2.4' ],
15 silly audit   tapable: [ '2.3.0' ],
15 silly audit   terser: [ '5.46.0' ],
15 silly audit   'terser-webpack-plugin': [ '5.3.16' ],
15 silly audit   tinybench: [ '2.9.0' ],
15 silly audit   tinyexec: [ '0.3.2' ],
15 silly audit   tinyglobby: [ '0.2.15' ],
15 silly audit   tinypool: [ '1.1.1' ],
15 silly audit   tinyrainbow: [ '2.0.0' ],
15 silly audit   tinyspy: [ '4.0.4' ],
15 silly audit   tldts: [ '6.1.86' ],
15 silly audit   'tldts-core': [ '6.1.86' ],
15 silly audit   tmp: [ '0.2.5' ],
15 silly audit   'tough-cookie': [ '5.1.2' ],
15 silly audit   tr46: [ '5.1.1' ],
15 silly audit   tslib: [ '2.8.1' ],
15 silly audit   tsx: [ '4.21.0' ],
15 silly audit   typescript: [ '5.9.3' ],
15 silly audit   'undici-types': [ '7.16.0' ],
15 silly audit   'unicode-canonical-property-names-ecmascript': [ '2.0.1' ],
15 silly audit   'unicode-match-property-ecmascript': [ '2.0.0' ],
15 silly audit   'unicode-match-property-value-ecmascript': [ '2.2.1' ],
15 silly audit   'unicode-property-aliases-ecmascript': [ '2.2.0' ],
15 silly audit   'update-browserslist-db': [ '1.2.3' ],
15 silly audit   'util-deprecate': [ '1.0.2' ],
15 silly audit   utila: [ '0.4.0' ],
15 silly audit   vite: [ '7.3.1' ],
15 silly audit   'vite-node': [ '3.2.4' ],
15 silly audit   vitest: [ '3.2.4' ],
15 silly audit   'w3c-xmlserializer': [ '5.0.0' ],
15 silly audit   watchpack: [ '2.5.1' ],
15 silly audit   'webidl-conversions': [ '7.0.0' ],
15 silly audit   webpack: [ '5.104.1' ],
15 silly audit   'webpack-cli': [ '5.1.4' ],
15 silly audit   'webpack-manifest-plugin': [ '5.0.1' ],
15 silly audit   'webpack-sources': [ '2.3.1', '3.3.3' ],
15 silly audit   'webpack-merge': [ '5.10.0' ],
15 silly audit   'whatwg-encoding': [ '3.1.1' ],
15 silly audit   'whatwg-mimetype': [ '4.0.0' ],
15 silly audit   'whatwg-url': [ '14.2.0' ],
15 silly audit   which: [ '2.0.2' ],
15 silly audit   'why-is-node-running': [ '2.3.0' ],
15 silly audit   wildcard: [ '2.0.1' ],
15 silly audit   ws: [ '8.19.0' ],
15 silly audit   'xml-name-validator': [ '5.0.0' ],
15 silly audit   xmlchars: [ '2.2.0' ],
15 silly audit   yallist: [ '3.1.1' ],
15 silly audit   'yargs-parser': [ '21.1.1' ],
15 silly audit   'yocto-queue': [ '0.1.0' ],
15 silly audit   '@symfony/ux-turbo': [ '2.31.0' ]
15 silly audit }
16 http cache yocto-queue@https://registry.npmjs.org/yocto-queue/-/yocto-queue-0.1.0.tgz 0ms (cache hit)
17 http cache xmlchars@https://registry.npmjs.org/xmlchars/-/xmlchars-2.2.0.tgz 0ms (cache hit)
18 http cache xml-name-validator@https://registry.npmjs.org/xml-name-validator/-/xml-name-validator-5.0.0.tgz 0ms (cache hit)
19 http cache ws@https://registry.npmjs.org/ws/-/ws-8.19.0.tgz 0ms (cache hit)
20 http cache yallist@https://registry.npmjs.org/yallist/-/yallist-3.1.1.tgz 0ms (cache hit)
21 http cache yargs-parser@https://registry.npmjs.org/yargs-parser/-/yargs-parser-21.1.1.tgz 0ms (cache hit)
22 http cache wildcard@https://registry.npmjs.org/wildcard/-/wildcard-2.0.1.tgz 0ms (cache hit)
23 http cache why-is-node-running@https://registry.npmjs.org/why-is-node-running/-/why-is-node-running-2.3.0.tgz 0ms (cache hit)
24 http cache whatwg-url@https://registry.npmjs.org/whatwg-url/-/whatwg-url-14.2.0.tgz 0ms (cache hit)
25 http cache which@https://registry.npmjs.org/which/-/which-2.0.2.tgz 0ms (cache hit)
26 http cache whatwg-mimetype@https://registry.npmjs.org/whatwg-mimetype/-/whatwg-mimetype-4.0.0.tgz 0ms (cache hit)
27 http cache whatwg-encoding@https://registry.npmjs.org/whatwg-encoding/-/whatwg-encoding-3.1.1.tgz 0ms (cache hit)
28 http cache webpack-sources@https://registry.npmjs.org/webpack-sources/-/webpack-sources-3.3.3.tgz 0ms (cache hit)
29 http cache webpack-merge@https://registry.npmjs.org/webpack-merge/-/webpack-merge-5.10.0.tgz 0ms (cache hit)
30 http cache webpack-manifest-plugin@https://registry.npmjs.org/webpack-manifest-plugin/-/webpack-manifest-plugin-5.0.1.tgz 0ms (cache hit)
31 http cache webpack-cli@https://registry.npmjs.org/webpack-cli/-/webpack-cli-5.1.4.tgz 0ms (cache hit)
32 http cache webidl-conversions@https://registry.npmjs.org/webidl-conversions/-/webidl-conversions-7.0.0.tgz 0ms (cache hit)
33 http cache webpack@https://registry.npmjs.org/webpack/-/webpack-5.104.1.tgz 0ms (cache hit)
34 http cache watchpack@https://registry.npmjs.org/watchpack/-/watchpack-2.5.1.tgz 0ms (cache hit)
35 http cache w3c-xmlserializer@https://registry.npmjs.org/w3c-xmlserializer/-/w3c-xmlserializer-5.0.0.tgz 0ms (cache hit)
36 http cache vite-node@https://registry.npmjs.org/vite-node/-/vite-node-3.2.4.tgz 0ms (cache hit)
37 http cache vitest@https://registry.npmjs.org/vitest/-/vitest-3.2.4.tgz 0ms (cache hit)
38 http cache utila@https://registry.npmjs.org/utila/-/utila-0.4.0.tgz 0ms (cache hit)
39 http cache vite@https://registry.npmjs.org/vite/-/vite-7.3.1.tgz 0ms (cache hit)
40 http cache util-deprecate@https://registry.npmjs.org/util-deprecate/-/util-deprecate-1.0.2.tgz 0ms (cache hit)
41 http cache update-browserslist-db@https://registry.npmjs.org/update-browserslist-db/-/update-browserslist-db-1.2.3.tgz 0ms (cache hit)
42 http cache unicode-match-property-value-ecmascript@https://registry.npmjs.org/unicode-match-property-value-ecmascript/-/unicode-match-property-value-ecmascript-2.2.1.tgz 0ms (cache hit)
43 http cache unicode-property-aliases-ecmascript@https://registry.npmjs.org/unicode-property-aliases-ecmascript/-/unicode-property-aliases-ecmascript-2.2.0.tgz 0ms (cache hit)
44 http cache undici-types@https://registry.npmjs.org/undici-types/-/undici-types-7.16.0.tgz 0ms (cache hit)
45 http cache unicode-canonical-property-names-ecmascript@https://registry.npmjs.org/unicode-canonical-property-names-ecmascript/-/unicode-canonical-property-names-ecmascript-2.0.1.tgz 0ms (cache hit)
46 http cache typescript@https://registry.npmjs.org/typescript/-/typescript-5.9.3.tgz 0ms (cache hit)
47 http cache unicode-match-property-ecmascript@https://registry.npmjs.org/unicode-match-property-ecmascript/-/unicode-match-property-ecmascript-2.0.0.tgz 0ms (cache hit)
48 http cache tsx@https://registry.npmjs.org/tsx/-/tsx-4.21.0.tgz 0ms (cache hit)
49 http cache tslib@https://registry.npmjs.org/tslib/-/tslib-2.8.1.tgz 0ms (cache hit)
50 http cache tr46@https://registry.npmjs.org/tr46/-/tr46-5.1.1.tgz 0ms (cache hit)
51 http cache tough-cookie@https://registry.npmjs.org/tough-cookie/-/tough-cookie-5.1.2.tgz 0ms (cache hit)
52 http cache tmp@https://registry.npmjs.org/tmp/-/tmp-0.2.5.tgz 0ms (cache hit)
53 http cache tldts@https://registry.npmjs.org/tldts/-/tldts-6.1.86.tgz 0ms (cache hit)
54 http cache tldts-core@https://registry.npmjs.org/tldts-core/-/tldts-core-6.1.86.tgz 0ms (cache hit)
55 http cache tinyspy@https://registry.npmjs.org/tinyspy/-/tinyspy-4.0.4.tgz 0ms (cache hit)
56 http cache tinyrainbow@https://registry.npmjs.org/tinyrainbow/-/tinyrainbow-2.0.0.tgz 0ms (cache hit)
57 http cache tinypool@https://registry.npmjs.org/tinypool/-/tinypool-1.1.1.tgz 0ms (cache hit)
58 http cache tinyexec@https://registry.npmjs.org/tinyexec/-/tinyexec-0.3.2.tgz 0ms (cache hit)
59 http cache tinybench@https://registry.npmjs.org/tinybench/-/tinybench-2.9.0.tgz 0ms (cache hit)
60 http cache terser-webpack-plugin@https://registry.npmjs.org/terser-webpack-plugin/-/terser-webpack-plugin-5.3.16.tgz 0ms (cache hit)
61 http cache tinyglobby@https://registry.npmjs.org/tinyglobby/-/tinyglobby-0.2.15.tgz 0ms (cache hit)
62 http cache terser@https://registry.npmjs.org/terser/-/terser-5.46.0.tgz 0ms (cache hit)
63 http cache tapable@https://registry.npmjs.org/tapable/-/tapable-2.3.0.tgz 0ms (cache hit)
64 http cache symbol-tree@https://registry.npmjs.org/symbol-tree/-/symbol-tree-3.2.4.tgz 0ms (cache hit)
65 http cache svgo@https://registry.npmjs.org/svgo/-/svgo-4.0.0.tgz 0ms (cache hit)
66 http cache supports-preserve-symlinks-flag@https://registry.npmjs.org/supports-preserve-symlinks-flag/-/supports-preserve-symlinks-flag-1.0.0.tgz 0ms (cache hit)
67 http cache supports-color@https://registry.npmjs.org/supports-color/-/supports-color-5.5.0.tgz 0ms (cache hit)
68 http cache stylehacks@https://registry.npmjs.org/stylehacks/-/stylehacks-7.0.7.tgz 0ms (cache hit)
69 http cache style-loader@https://registry.npmjs.org/style-loader/-/style-loader-4.0.0.tgz 0ms (cache hit)
70 http cache strip-literal@https://registry.npmjs.org/strip-literal/-/strip-literal-3.1.0.tgz 0ms (cache hit)
71 http cache strip-indent@https://registry.npmjs.org/strip-indent/-/strip-indent-3.0.0.tgz 0ms (cache hit)
72 http cache strip-ansi@https://registry.npmjs.org/strip-ansi/-/strip-ansi-6.0.1.tgz 0ms (cache hit)
73 http cache string-width@https://registry.npmjs.org/string-width/-/string-width-4.2.3.tgz 0ms (cache hit)
74 http cache stackframe@https://registry.npmjs.org/stackframe/-/stackframe-1.3.4.tgz 0ms (cache hit)
75 http cache stackback@https://registry.npmjs.org/stackback/-/stackback-0.0.2.tgz 0ms (cache hit)
76 http cache std-env@https://registry.npmjs.org/std-env/-/std-env-3.10.0.tgz 0ms (cache hit)
77 http cache source-map-support@https://registry.npmjs.org/source-map-support/-/source-map-support-0.5.21.tgz 0ms (cache hit)
78 http cache source-map-js@https://registry.npmjs.org/source-map-js/-/source-map-js-1.2.1.tgz 0ms (cache hit)
79 http cache source-map@https://registry.npmjs.org/source-map/-/source-map-0.6.1.tgz 0ms (cache hit)
80 http cache source-list-map@https://registry.npmjs.org/source-list-map/-/source-list-map-2.0.1.tgz 0ms (cache hit)
81 http cache shebang-regex@https://registry.npmjs.org/shebang-regex/-/shebang-regex-3.0.0.tgz 0ms (cache hit)
82 http cache shebang-command@https://registry.npmjs.org/shebang-command/-/shebang-command-2.0.0.tgz 0ms (cache hit)
83 http cache siginfo@https://registry.npmjs.org/siginfo/-/siginfo-2.0.0.tgz 0ms (cache hit)
84 http cache shallow-clone@https://registry.npmjs.org/shallow-clone/-/shallow-clone-3.0.1.tgz 0ms (cache hit)
85 http cache serialize-javascript@https://registry.npmjs.org/serialize-javascript/-/serialize-javascript-6.0.2.tgz 0ms (cache hit)
86 http cache semver@https://registry.npmjs.org/semver/-/semver-6.3.1.tgz 0ms (cache hit)
87 http cache saxes@https://registry.npmjs.org/saxes/-/saxes-6.0.0.tgz 0ms (cache hit)
88 http cache schema-utils@https://registry.npmjs.org/schema-utils/-/schema-utils-4.3.3.tgz 0ms (cache hit)
89 http cache sax@https://registry.npmjs.org/sax/-/sax-1.4.4.tgz 0ms (cache hit)
90 http cache sass-loader@https://registry.npmjs.org/sass-loader/-/sass-loader-16.0.6.tgz 0ms (cache hit)
91 http cache sass@https://registry.npmjs.org/sass/-/sass-1.97.3.tgz 0ms (cache hit)
92 http cache safer-buffer@https://registry.npmjs.org/safer-buffer/-/safer-buffer-2.1.2.tgz 0ms (cache hit)
93 http cache safe-buffer@https://registry.npmjs.org/safe-buffer/-/safe-buffer-5.2.1.tgz 0ms (cache hit)
94 http cache rrweb-cssom@https://registry.npmjs.org/rrweb-cssom/-/rrweb-cssom-0.8.0.tgz 0ms (cache hit)
95 http cache resolve-url-loader@https://registry.npmjs.org/resolve-url-loader/-/resolve-url-loader-5.0.0.tgz 0ms (cache hit)
96 http cache resolve-pkg-maps@https://registry.npmjs.org/resolve-pkg-maps/-/resolve-pkg-maps-1.0.0.tgz 0ms (cache hit)
97 http cache rollup@https://registry.npmjs.org/rollup/-/rollup-4.57.1.tgz 0ms (cache hit)
98 http cache resolve-from@https://registry.npmjs.org/resolve-from/-/resolve-from-5.0.0.tgz 0ms (cache hit)
99 http cache resolve-cwd@https://registry.npmjs.org/resolve-cwd/-/resolve-cwd-3.0.0.tgz 0ms (cache hit)
100 http cache resolve@https://registry.npmjs.org/resolve/-/resolve-1.22.11.tgz 0ms (cache hit)
101 http cache renderkid@https://registry.npmjs.org/renderkid/-/renderkid-3.0.0.tgz 0ms (cache hit)
102 http cache require-from-string@https://registry.npmjs.org/require-from-string/-/require-from-string-2.0.2.tgz 0ms (cache hit)
103 http cache regjsparser@https://registry.npmjs.org/regjsparser/-/regjsparser-0.13.0.tgz 0ms (cache hit)
104 http cache regjsgen@https://registry.npmjs.org/regjsgen/-/regjsgen-0.8.0.tgz 0ms (cache hit)
105 http cache regex-parser@https://registry.npmjs.org/regex-parser/-/regex-parser-2.3.1.tgz 0ms (cache hit)
106 http cache regexpu-core@https://registry.npmjs.org/regexpu-core/-/regexpu-core-6.4.0.tgz 0ms (cache hit)
107 http cache regenerator-runtime@https://registry.npmjs.org/regenerator-runtime/-/regenerator-runtime-0.13.11.tgz 0ms (cache hit)
108 http cache regenerate-unicode-properties@https://registry.npmjs.org/regenerate-unicode-properties/-/regenerate-unicode-properties-10.2.2.tgz 0ms (cache hit)
109 http cache regenerate@https://registry.npmjs.org/regenerate/-/regenerate-1.4.2.tgz 0ms (cache hit)
110 http cache redent@https://registry.npmjs.org/redent/-/redent-3.0.0.tgz 0ms (cache hit)
111 http cache rechoir@https://registry.npmjs.org/rechoir/-/rechoir-0.8.0.tgz 0ms (cache hit)
112 http cache readdirp@https://registry.npmjs.org/readdirp/-/readdirp-4.1.2.tgz 0ms (cache hit)
113 http cache react-is@https://registry.npmjs.org/react-is/-/react-is-17.0.2.tgz 0ms (cache hit)
114 http cache randombytes@https://registry.npmjs.org/randombytes/-/randombytes-2.1.0.tgz 0ms (cache hit)
115 http cache punycode@https://registry.npmjs.org/punycode/-/punycode-2.3.1.tgz 0ms (cache hit)
116 http cache pretty-format@https://registry.npmjs.org/pretty-format/-/pretty-format-27.5.1.tgz 0ms (cache hit)
117 http cache pretty-error@https://registry.npmjs.org/pretty-error/-/pretty-error-4.0.0.tgz 0ms (cache hit)
118 http cache prettier@https://registry.npmjs.org/prettier/-/prettier-3.8.1.tgz 0ms (cache hit)
119 http cache postcss-value-parser@https://registry.npmjs.org/postcss-value-parser/-/postcss-value-parser-4.2.0.tgz 0ms (cache hit)
120 http cache postcss-svgo@https://registry.npmjs.org/postcss-svgo/-/postcss-svgo-7.1.0.tgz 0ms (cache hit)
121 http cache postcss-unique-selectors@https://registry.npmjs.org/postcss-unique-selectors/-/postcss-unique-selectors-7.0.4.tgz 0ms (cache hit)
122 http cache postcss-selector-parser@https://registry.npmjs.org/postcss-selector-parser/-/postcss-selector-parser-7.1.1.tgz 0ms (cache hit)
123 http cache postcss-reduce-transforms@https://registry.npmjs.org/postcss-reduce-transforms/-/postcss-reduce-transforms-7.0.1.tgz 0ms (cache hit)
124 http cache postcss-reduce-initial@https://registry.npmjs.org/postcss-reduce-initial/-/postcss-reduce-initial-7.0.5.tgz 0ms (cache hit)
125 http cache postcss-ordered-values@https://registry.npmjs.org/postcss-ordered-values/-/postcss-ordered-values-7.0.2.tgz 0ms (cache hit)
126 http cache postcss-normalize-whitespace@https://registry.npmjs.org/postcss-normalize-whitespace/-/postcss-normalize-whitespace-7.0.1.tgz 0ms (cache hit)
127 http cache postcss-normalize-url@https://registry.npmjs.org/postcss-normalize-url/-/postcss-normalize-url-7.0.1.tgz 0ms (cache hit)
128 http cache postcss-normalize-unicode@https://registry.npmjs.org/postcss-normalize-unicode/-/postcss-normalize-unicode-7.0.5.tgz 0ms (cache hit)
129 http cache postcss-normalize-timing-functions@https://registry.npmjs.org/postcss-normalize-timing-functions/-/postcss-normalize-timing-functions-7.0.1.tgz 0ms (cache hit)
130 http cache postcss-normalize-string@https://registry.npmjs.org/postcss-normalize-string/-/postcss-normalize-string-7.0.1.tgz 0ms (cache hit)
131 http cache postcss-normalize-repeat-style@https://registry.npmjs.org/postcss-normalize-repeat-style/-/postcss-normalize-repeat-style-7.0.1.tgz 0ms (cache hit)
132 http cache postcss-normalize-positions@https://registry.npmjs.org/postcss-normalize-positions/-/postcss-normalize-positions-7.0.1.tgz 0ms (cache hit)
133 http cache postcss-normalize-display-values@https://registry.npmjs.org/postcss-normalize-display-values/-/postcss-normalize-display-values-7.0.1.tgz 0ms (cache hit)
134 http cache postcss-normalize-charset@https://registry.npmjs.org/postcss-normalize-charset/-/postcss-normalize-charset-7.0.1.tgz 0ms (cache hit)
135 http cache postcss-modules-values@https://registry.npmjs.org/postcss-modules-values/-/postcss-modules-values-4.0.0.tgz 0ms (cache hit)
136 http cache postcss-modules-scope@https://registry.npmjs.org/postcss-modules-scope/-/postcss-modules-scope-3.2.1.tgz 0ms (cache hit)
137 http cache postcss-modules-local-by-default@https://registry.npmjs.org/postcss-modules-local-by-default/-/postcss-modules-local-by-default-4.2.0.tgz 0ms (cache hit)
138 http cache postcss-minify-selectors@https://registry.npmjs.org/postcss-minify-selectors/-/postcss-minify-selectors-7.0.5.tgz 0ms (cache hit)
139 http cache postcss-modules-extract-imports@https://registry.npmjs.org/postcss-modules-extract-imports/-/postcss-modules-extract-imports-3.1.0.tgz 0ms (cache hit)
140 http cache postcss-minify-params@https://registry.npmjs.org/postcss-minify-params/-/postcss-minify-params-7.0.5.tgz 0ms (cache hit)
141 http cache postcss-minify-gradients@https://registry.npmjs.org/postcss-minify-gradients/-/postcss-minify-gradients-7.0.1.tgz 0ms (cache hit)
142 http cache postcss-minify-font-values@https://registry.npmjs.org/postcss-minify-font-values/-/postcss-minify-font-values-7.0.1.tgz 0ms (cache hit)
143 http cache postcss-merge-rules@https://registry.npmjs.org/postcss-merge-rules/-/postcss-merge-rules-7.0.7.tgz 0ms (cache hit)
144 http cache postcss-merge-longhand@https://registry.npmjs.org/postcss-merge-longhand/-/postcss-merge-longhand-7.0.5.tgz 0ms (cache hit)
145 http cache postcss-discard-empty@https://registry.npmjs.org/postcss-discard-empty/-/postcss-discard-empty-7.0.1.tgz 0ms (cache hit)
146 http cache postcss-discard-overridden@https://registry.npmjs.org/postcss-discard-overridden/-/postcss-discard-overridden-7.0.1.tgz 0ms (cache hit)
147 http cache postcss-discard-duplicates@https://registry.npmjs.org/postcss-discard-duplicates/-/postcss-discard-duplicates-7.0.2.tgz 0ms (cache hit)
148 http cache postcss-discard-comments@https://registry.npmjs.org/postcss-discard-comments/-/postcss-discard-comments-7.0.5.tgz 0ms (cache hit)
149 http cache postcss-convert-values@https://registry.npmjs.org/postcss-convert-values/-/postcss-convert-values-7.0.8.tgz 1ms (cache hit)
150 http cache postcss-colormin@https://registry.npmjs.org/postcss-colormin/-/postcss-colormin-7.0.5.tgz 0ms (cache hit)
151 http cache postcss-calc@https://registry.npmjs.org/postcss-calc/-/postcss-calc-10.1.1.tgz 0ms (cache hit)
152 http cache postcss@https://registry.npmjs.org/postcss/-/postcss-8.5.6.tgz 0ms (cache hit)
153 http cache pkg-dir@https://registry.npmjs.org/pkg-dir/-/pkg-dir-4.2.0.tgz 0ms (cache hit)
154 http cache picomatch@https://registry.npmjs.org/picomatch/-/picomatch-4.0.3.tgz 0ms (cache hit)
155 http cache pathval@https://registry.npmjs.org/pathval/-/pathval-2.0.1.tgz 0ms (cache hit)
156 http cache picocolors@https://registry.npmjs.org/picocolors/-/picocolors-1.1.1.tgz 0ms (cache hit)
157 http cache pathe@https://registry.npmjs.org/pathe/-/pathe-2.0.3.tgz 0ms (cache hit)
158 http cache path-parse@https://registry.npmjs.org/path-parse/-/path-parse-1.0.7.tgz 0ms (cache hit)
159 http cache path-exists@https://registry.npmjs.org/path-exists/-/path-exists-4.0.0.tgz 0ms (cache hit)
160 http cache path-key@https://registry.npmjs.org/path-key/-/path-key-3.1.1.tgz 0ms (cache hit)
161 http cache parse5@https://registry.npmjs.org/parse5/-/parse5-7.3.0.tgz 0ms (cache hit)
162 http cache p-try@https://registry.npmjs.org/p-try/-/p-try-2.2.0.tgz 0ms (cache hit)
163 http cache p-locate@https://registry.npmjs.org/p-locate/-/p-locate-5.0.0.tgz 0ms (cache hit)
164 http cache p-limit@https://registry.npmjs.org/p-limit/-/p-limit-3.1.0.tgz 0ms (cache hit)
165 http cache nwsapi@https://registry.npmjs.org/nwsapi/-/nwsapi-2.2.23.tgz 0ms (cache hit)
166 http cache node-releases@https://registry.npmjs.org/node-releases/-/node-releases-2.0.27.tgz 0ms (cache hit)
167 http cache nth-check@https://registry.npmjs.org/nth-check/-/nth-check-2.1.1.tgz 0ms (cache hit)
168 http cache node-addon-api@https://registry.npmjs.org/node-addon-api/-/node-addon-api-7.1.1.tgz 0ms (cache hit)
169 http cache neo-async@https://registry.npmjs.org/neo-async/-/neo-async-2.6.2.tgz 0ms (cache hit)
170 http cache nanoid@https://registry.npmjs.org/nanoid/-/nanoid-3.3.11.tgz 0ms (cache hit)
171 http cache mini-css-extract-plugin@https://registry.npmjs.org/mini-css-extract-plugin/-/mini-css-extract-plugin-2.9.4.tgz 0ms (cache hit)
172 http cache ms@https://registry.npmjs.org/ms/-/ms-2.1.3.tgz 0ms (cache hit)
173 http cache min-indent@https://registry.npmjs.org/min-indent/-/min-indent-1.0.1.tgz 0ms (cache hit)
174 http cache mime-types@https://registry.npmjs.org/mime-types/-/mime-types-2.1.35.tgz 0ms (cache hit)
175 http cache mime-db@https://registry.npmjs.org/mime-db/-/mime-db-1.52.0.tgz 0ms (cache hit)
176 http cache mdn-data@https://registry.npmjs.org/mdn-data/-/mdn-data-2.12.2.tgz 0ms (cache hit)
177 http cache merge-stream@https://registry.npmjs.org/merge-stream/-/merge-stream-2.0.0.tgz 0ms (cache hit)
178 http cache lz-string@https://registry.npmjs.org/lz-string/-/lz-string-1.5.0.tgz 0ms (cache hit)
179 http cache magic-string@https://registry.npmjs.org/magic-string/-/magic-string-0.30.21.tgz 0ms (cache hit)
180 http cache lru-cache@https://registry.npmjs.org/lru-cache/-/lru-cache-5.1.1.tgz 0ms (cache hit)
181 http cache loupe@https://registry.npmjs.org/loupe/-/loupe-3.2.1.tgz 0ms (cache hit)
182 http cache lodash.memoize@https://registry.npmjs.org/lodash.memoize/-/lodash.memoize-4.1.2.tgz 0ms (cache hit)
183 http cache lodash.uniq@https://registry.npmjs.org/lodash.uniq/-/lodash.uniq-4.5.0.tgz 0ms (cache hit)
184 http cache lodash.debounce@https://registry.npmjs.org/lodash.debounce/-/lodash.debounce-4.0.8.tgz 0ms (cache hit)
185 http cache lodash@https://registry.npmjs.org/lodash/-/lodash-4.17.23.tgz 0ms (cache hit)
186 http cache locate-path@https://registry.npmjs.org/locate-path/-/locate-path-6.0.0.tgz 0ms (cache hit)
187 http cache loader-utils@https://registry.npmjs.org/loader-utils/-/loader-utils-2.0.4.tgz 0ms (cache hit)
188 http cache loader-runner@https://registry.npmjs.org/loader-runner/-/loader-runner-4.3.1.tgz 0ms (cache hit)
189 http cache lilconfig@https://registry.npmjs.org/lilconfig/-/lilconfig-3.1.3.tgz 0ms (cache hit)
190 http cache kind-of@https://registry.npmjs.org/kind-of/-/kind-of-6.0.3.tgz 0ms (cache hit)
191 http cache json5@https://registry.npmjs.org/json5/-/json5-2.2.3.tgz 0ms (cache hit)
192 http cache json-schema-traverse@https://registry.npmjs.org/json-schema-traverse/-/json-schema-traverse-1.0.0.tgz 0ms (cache hit)
193 http cache json-parse-even-better-errors@https://registry.npmjs.org/json-parse-even-better-errors/-/json-parse-even-better-errors-2.3.1.tgz 0ms (cache hit)
194 http cache jsesc@https://registry.npmjs.org/jsesc/-/jsesc-3.1.0.tgz 0ms (cache hit)
195 http cache jsdom@https://registry.npmjs.org/jsdom/-/jsdom-26.1.0.tgz 0ms (cache hit)
196 http cache js-tokens@https://registry.npmjs.org/js-tokens/-/js-tokens-4.0.0.tgz 0ms (cache hit)
197 http cache jest-worker@https://registry.npmjs.org/jest-worker/-/jest-worker-30.2.0.tgz 0ms (cache hit)
198 http cache jest-util@https://registry.npmjs.org/jest-util/-/jest-util-30.2.0.tgz 0ms (cache hit)
199 http cache isobject@https://registry.npmjs.org/isobject/-/isobject-3.0.1.tgz 0ms (cache hit)
200 http cache jest-regex-util@https://registry.npmjs.org/jest-regex-util/-/jest-regex-util-30.0.1.tgz 0ms (cache hit)
201 http cache isexe@https://registry.npmjs.org/isexe/-/isexe-2.0.0.tgz 0ms (cache hit)
202 http cache is-potential-custom-element-name@https://registry.npmjs.org/is-potential-custom-element-name/-/is-potential-custom-element-name-1.0.1.tgz 0ms (cache hit)
203 http cache is-plain-object@https://registry.npmjs.org/is-plain-object/-/is-plain-object-2.0.4.tgz 0ms (cache hit)
204 http cache is-glob@https://registry.npmjs.org/is-glob/-/is-glob-4.0.3.tgz 0ms (cache hit)
205 http cache is-fullwidth-code-point@https://registry.npmjs.org/is-fullwidth-code-point/-/is-fullwidth-code-point-3.0.0.tgz 0ms (cache hit)
206 http cache is-extglob@https://registry.npmjs.org/is-extglob/-/is-extglob-2.1.1.tgz 0ms (cache hit)
207 http cache is-core-module@https://registry.npmjs.org/is-core-module/-/is-core-module-2.16.1.tgz 0ms (cache hit)
208 http cache interpret@https://registry.npmjs.org/interpret/-/interpret-3.1.1.tgz 0ms (cache hit)
209 http cache indent-string@https://registry.npmjs.org/indent-string/-/indent-string-4.0.0.tgz 0ms (cache hit)
210 http cache import-local@https://registry.npmjs.org/import-local/-/import-local-3.2.0.tgz 0ms (cache hit)
211 http cache immutable@https://registry.npmjs.org/immutable/-/immutable-5.1.4.tgz 0ms (cache hit)
212 http cache icss-utils@https://registry.npmjs.org/icss-utils/-/icss-utils-5.1.0.tgz 0ms (cache hit)
213 http cache https-proxy-agent@https://registry.npmjs.org/https-proxy-agent/-/https-proxy-agent-7.0.6.tgz 0ms (cache hit)
214 http cache iconv-lite@https://registry.npmjs.org/iconv-lite/-/iconv-lite-0.6.3.tgz 0ms (cache hit)
215 http cache http-proxy-agent@https://registry.npmjs.org/http-proxy-agent/-/http-proxy-agent-7.0.2.tgz 0ms (cache hit)
216 http cache htmlparser2@https://registry.npmjs.org/htmlparser2/-/htmlparser2-6.1.0.tgz 0ms (cache hit)
217 http cache hasown@https://registry.npmjs.org/hasown/-/hasown-2.0.2.tgz 0ms (cache hit)
218 http cache he@https://registry.npmjs.org/he/-/he-1.2.0.tgz 0ms (cache hit)
219 http cache html-encoding-sniffer@https://registry.npmjs.org/html-encoding-sniffer/-/html-encoding-sniffer-4.0.0.tgz 0ms (cache hit)
220 http cache has-flag@https://registry.npmjs.org/has-flag/-/has-flag-3.0.0.tgz 0ms (cache hit)
221 http cache graceful-fs@https://registry.npmjs.org/graceful-fs/-/graceful-fs-4.2.11.tgz 0ms (cache hit)
222 http cache glob-to-regexp@https://registry.npmjs.org/glob-to-regexp/-/glob-to-regexp-0.4.1.tgz 0ms (cache hit)
223 http cache get-tsconfig@https://registry.npmjs.org/get-tsconfig/-/get-tsconfig-4.13.1.tgz 0ms (cache hit)
224 http cache gensync@https://registry.npmjs.org/gensync/-/gensync-1.0.0-beta.2.tgz 0ms (cache hit)
225 http cache function-bind@https://registry.npmjs.org/function-bind/-/function-bind-1.1.2.tgz 0ms (cache hit)
226 http cache flat@https://registry.npmjs.org/flat/-/flat-5.0.2.tgz 0ms (cache hit)
227 http cache fdir@https://registry.npmjs.org/fdir/-/fdir-6.5.0.tgz 0ms (cache hit)
228 http cache find-up@https://registry.npmjs.org/find-up/-/find-up-5.0.0.tgz 0ms (cache hit)
229 http cache fastest-levenshtein@https://registry.npmjs.org/fastest-levenshtein/-/fastest-levenshtein-1.0.16.tgz 0ms (cache hit)
230 http cache fast-deep-equal@https://registry.npmjs.org/fast-deep-equal/-/fast-deep-equal-3.1.3.tgz 0ms (cache hit)
231 http cache fast-uri@https://registry.npmjs.org/fast-uri/-/fast-uri-3.1.0.tgz 0ms (cache hit)
232 http cache events@https://registry.npmjs.org/events/-/events-3.3.0.tgz 0ms (cache hit)
233 http cache expect-type@https://registry.npmjs.org/expect-type/-/expect-type-1.3.0.tgz 0ms (cache hit)
234 http cache esutils@https://registry.npmjs.org/esutils/-/esutils-2.0.3.tgz 0ms (cache hit)
235 http cache estraverse@https://registry.npmjs.org/estraverse/-/estraverse-4.3.0.tgz 0ms (cache hit)
236 http cache estree-walker@https://registry.npmjs.org/estree-walker/-/estree-walker-3.0.3.tgz 0ms (cache hit)
237 http cache esrecurse@https://registry.npmjs.org/esrecurse/-/esrecurse-4.3.0.tgz 0ms (cache hit)
238 http cache eslint-scope@https://registry.npmjs.org/eslint-scope/-/eslint-scope-5.1.1.tgz 0ms (cache hit)
239 http cache escape-string-regexp@https://registry.npmjs.org/escape-string-regexp/-/escape-string-regexp-1.0.5.tgz 0ms (cache hit)
240 http cache escalade@https://registry.npmjs.org/escalade/-/escalade-3.2.0.tgz 0ms (cache hit)
241 http cache esbuild@https://registry.npmjs.org/esbuild/-/esbuild-0.27.2.tgz 0ms (cache hit)
242 http cache es-module-lexer@https://registry.npmjs.org/es-module-lexer/-/es-module-lexer-2.0.0.tgz 0ms (cache hit)
243 http cache error-stack-parser@https://registry.npmjs.org/error-stack-parser/-/error-stack-parser-2.1.4.tgz 0ms (cache hit)
244 http cache envinfo@https://registry.npmjs.org/envinfo/-/envinfo-7.21.0.tgz 0ms (cache hit)
245 http cache entities@https://registry.npmjs.org/entities/-/entities-2.2.0.tgz 0ms (cache hit)
246 http cache enhanced-resolve@https://registry.npmjs.org/enhanced-resolve/-/enhanced-resolve-5.18.4.tgz 0ms (cache hit)
247 http cache emojis-list@https://registry.npmjs.org/emojis-list/-/emojis-list-3.0.0.tgz 0ms (cache hit)
248 http cache emoji-regex@https://registry.npmjs.org/emoji-regex/-/emoji-regex-8.0.0.tgz 0ms (cache hit)
249 http cache electron-to-chromium@https://registry.npmjs.org/electron-to-chromium/-/electron-to-chromium-1.5.267.tgz 0ms (cache hit)
250 http cache domutils@https://registry.npmjs.org/domutils/-/domutils-2.8.0.tgz 0ms (cache hit)
251 http cache domhandler@https://registry.npmjs.org/domhandler/-/domhandler-4.3.1.tgz 0ms (cache hit)
252 http cache domelementtype@https://registry.npmjs.org/domelementtype/-/domelementtype-2.3.0.tgz 0ms (cache hit)
253 http cache dom-converter@https://registry.npmjs.org/dom-converter/-/dom-converter-0.2.0.tgz 0ms (cache hit)
254 http cache dom-serializer@https://registry.npmjs.org/dom-serializer/-/dom-serializer-1.4.1.tgz 0ms (cache hit)
255 http cache dom-accessibility-api@https://registry.npmjs.org/dom-accessibility-api/-/dom-accessibility-api-0.5.16.tgz 0ms (cache hit)
256 http cache detect-libc@https://registry.npmjs.org/detect-libc/-/detect-libc-2.1.2.tgz 0ms (cache hit)
257 http cache dequal@https://registry.npmjs.org/dequal/-/dequal-2.0.3.tgz 0ms (cache hit)
258 http cache deep-eql@https://registry.npmjs.org/deep-eql/-/deep-eql-5.0.2.tgz 0ms (cache hit)
259 http cache decimal.js@https://registry.npmjs.org/decimal.js/-/decimal.js-10.6.0.tgz 0ms (cache hit)
260 http cache debug@https://registry.npmjs.org/debug/-/debug-4.4.3.tgz 0ms (cache hit)
261 http cache data-urls@https://registry.npmjs.org/data-urls/-/data-urls-5.0.0.tgz 0ms (cache hit)
262 http cache cssstyle@https://registry.npmjs.org/cssstyle/-/cssstyle-4.6.0.tgz 0ms (cache hit)
263 http cache csso@https://registry.npmjs.org/csso/-/csso-5.0.5.tgz 0ms (cache hit)
264 http cache cssnano-utils@https://registry.npmjs.org/cssnano-utils/-/cssnano-utils-5.0.1.tgz 0ms (cache hit)
265 http cache cssnano-preset-default@https://registry.npmjs.org/cssnano-preset-default/-/cssnano-preset-default-7.0.10.tgz 0ms (cache hit)
266 http cache cssesc@https://registry.npmjs.org/cssesc/-/cssesc-3.0.0.tgz 0ms (cache hit)
267 http cache cssnano@https://registry.npmjs.org/cssnano/-/cssnano-7.1.2.tgz 0ms (cache hit)
268 http cache css.escape@https://registry.npmjs.org/css.escape/-/css.escape-1.5.1.tgz 0ms (cache hit)
269 http cache css-what@https://registry.npmjs.org/css-what/-/css-what-6.2.2.tgz 0ms (cache hit)
270 http cache css-tree@https://registry.npmjs.org/css-tree/-/css-tree-3.1.0.tgz 0ms (cache hit)
271 http cache css-select@https://registry.npmjs.org/css-select/-/css-select-4.3.0.tgz 0ms (cache hit)
272 http cache css-minimizer-webpack-plugin@https://registry.npmjs.org/css-minimizer-webpack-plugin/-/css-minimizer-webpack-plugin-7.0.4.tgz 0ms (cache hit)
273 http cache css-loader@https://registry.npmjs.org/css-loader/-/css-loader-7.1.2.tgz 0ms (cache hit)
274 http cache css-declaration-sorter@https://registry.npmjs.org/css-declaration-sorter/-/css-declaration-sorter-7.3.1.tgz 0ms (cache hit)
275 http cache cross-spawn@https://registry.npmjs.org/cross-spawn/-/cross-spawn-7.0.6.tgz 0ms (cache hit)
276 http cache core-js@https://registry.npmjs.org/core-js/-/core-js-3.47.0.tgz 0ms (cache hit)
277 http cache core-js-compat@https://registry.npmjs.org/core-js-compat/-/core-js-compat-3.47.0.tgz 0ms (cache hit)
278 http cache convert-source-map@https://registry.npmjs.org/convert-source-map/-/convert-source-map-2.0.0.tgz 0ms (cache hit)
279 http cache consola@https://registry.npmjs.org/consola/-/consola-3.4.2.tgz 0ms (cache hit)
280 http cache commander@https://registry.npmjs.org/commander/-/commander-11.1.0.tgz 0ms (cache hit)
281 http cache colorette@https://registry.npmjs.org/colorette/-/colorette-2.0.20.tgz 0ms (cache hit)
282 http cache colord@https://registry.npmjs.org/colord/-/colord-2.9.3.tgz 0ms (cache hit)
283 http cache color-convert@https://registry.npmjs.org/color-convert/-/color-convert-1.9.3.tgz 0ms (cache hit)
284 http cache color-name@https://registry.npmjs.org/color-name/-/color-name-1.1.3.tgz 0ms (cache hit)
285 http cache ci-info@https://registry.npmjs.org/ci-info/-/ci-info-4.3.1.tgz 0ms (cache hit)
286 http cache clone-deep@https://registry.npmjs.org/clone-deep/-/clone-deep-4.0.1.tgz 0ms (cache hit)
287 http cache chrome-trace-event@https://registry.npmjs.org/chrome-trace-event/-/chrome-trace-event-1.0.4.tgz 0ms (cache hit)
288 http cache chokidar@https://registry.npmjs.org/chokidar/-/chokidar-4.0.3.tgz 0ms (cache hit)
289 http cache check-error@https://registry.npmjs.org/check-error/-/check-error-2.1.3.tgz 0ms (cache hit)
290 http cache chalk@https://registry.npmjs.org/chalk/-/chalk-2.4.2.tgz 0ms (cache hit)
291 http cache caniuse-lite@https://registry.npmjs.org/caniuse-lite/-/caniuse-lite-1.0.30001764.tgz 0ms (cache hit)
292 http cache caniuse-api@https://registry.npmjs.org/caniuse-api/-/caniuse-api-3.0.0.tgz 0ms (cache hit)
293 http cache chai@https://registry.npmjs.org/chai/-/chai-5.3.3.tgz 1ms (cache hit)
294 http cache cac@https://registry.npmjs.org/cac/-/cac-6.7.14.tgz 0ms (cache hit)
295 http cache buffer-from@https://registry.npmjs.org/buffer-from/-/buffer-from-1.1.2.tgz 0ms (cache hit)
296 http cache browserslist@https://registry.npmjs.org/browserslist/-/browserslist-4.28.1.tgz 0ms (cache hit)
297 http cache bootstrap@https://registry.npmjs.org/bootstrap/-/bootstrap-5.3.8.tgz 0ms (cache hit)
298 http cache boolbase@https://registry.npmjs.org/boolbase/-/boolbase-1.0.0.tgz 0ms (cache hit)
299 http cache big.js@https://registry.npmjs.org/big.js/-/big.js-5.2.2.tgz 0ms (cache hit)
300 http cache baseline-browser-mapping@https://registry.npmjs.org/baseline-browser-mapping/-/baseline-browser-mapping-2.9.14.tgz 0ms (cache hit)
301 http cache babel-plugin-polyfill-regenerator@https://registry.npmjs.org/babel-plugin-polyfill-regenerator/-/babel-plugin-polyfill-regenerator-0.6.5.tgz 0ms (cache hit)
302 http cache babel-plugin-polyfill-corejs2@https://registry.npmjs.org/babel-plugin-polyfill-corejs2/-/babel-plugin-polyfill-corejs2-0.4.14.tgz 0ms (cache hit)
303 http cache babel-plugin-polyfill-corejs3@https://registry.npmjs.org/babel-plugin-polyfill-corejs3/-/babel-plugin-polyfill-corejs3-0.13.0.tgz 0ms (cache hit)
304 http cache babel-loader@https://registry.npmjs.org/babel-loader/-/babel-loader-10.0.0.tgz 0ms (cache hit)
305 http cache assertion-error@https://registry.npmjs.org/assertion-error/-/assertion-error-2.0.1.tgz 0ms (cache hit)
306 http cache aria-query@https://registry.npmjs.org/aria-query/-/aria-query-5.3.0.tgz 0ms (cache hit)
307 http cache ansi-styles@https://registry.npmjs.org/ansi-styles/-/ansi-styles-3.2.1.tgz 0ms (cache hit)
308 http cache ansi-regex@https://registry.npmjs.org/ansi-regex/-/ansi-regex-5.0.1.tgz 0ms (cache hit)
309 http cache ajv-keywords@https://registry.npmjs.org/ajv-keywords/-/ajv-keywords-5.1.0.tgz 0ms (cache hit)
310 http cache ajv-formats@https://registry.npmjs.org/ajv-formats/-/ajv-formats-2.1.1.tgz 0ms (cache hit)
311 http cache ajv@https://registry.npmjs.org/ajv/-/ajv-8.17.1.tgz 0ms (cache hit)
312 http cache agent-base@https://registry.npmjs.org/agent-base/-/agent-base-7.1.4.tgz 0ms (cache hit)
313 http cache adjust-sourcemap-loader@https://registry.npmjs.org/adjust-sourcemap-loader/-/adjust-sourcemap-loader-4.0.0.tgz 0ms (cache hit)
314 http cache acorn-import-phases@https://registry.npmjs.org/acorn-import-phases/-/acorn-import-phases-1.0.4.tgz 0ms (cache hit)
315 http cache acorn@https://registry.npmjs.org/acorn/-/acorn-8.15.0.tgz 0ms (cache hit)
316 http cache @xtuc/long@https://registry.npmjs.org/@xtuc/long/-/long-4.2.2.tgz 0ms (cache hit)
317 http cache @zackad/prettier-plugin-twig@https://registry.npmjs.org/@zackad/prettier-plugin-twig/-/prettier-plugin-twig-0.16.2.tgz 0ms (cache hit)
318 http cache @xtuc/ieee754@https://registry.npmjs.org/@xtuc/ieee754/-/ieee754-1.2.0.tgz 0ms (cache hit)
319 http cache @webpack-cli/serve@https://registry.npmjs.org/@webpack-cli/serve/-/serve-2.0.5.tgz 0ms (cache hit)
320 http cache @webpack-cli/info@https://registry.npmjs.org/@webpack-cli/info/-/info-2.0.2.tgz 0ms (cache hit)
321 http cache @webpack-cli/configtest@https://registry.npmjs.org/@webpack-cli/configtest/-/configtest-2.1.1.tgz 0ms (cache hit)
322 http cache @webassemblyjs/wast-printer@https://registry.npmjs.org/@webassemblyjs/wast-printer/-/wast-printer-1.14.1.tgz 0ms (cache hit)
323 http cache @webassemblyjs/wasm-parser@https://registry.npmjs.org/@webassemblyjs/wasm-parser/-/wasm-parser-1.14.1.tgz 0ms (cache hit)
324 http cache @webassemblyjs/wasm-gen@https://registry.npmjs.org/@webassemblyjs/wasm-gen/-/wasm-gen-1.14.1.tgz 0ms (cache hit)
325 http cache @webassemblyjs/wasm-edit@https://registry.npmjs.org/@webassemblyjs/wasm-edit/-/wasm-edit-1.14.1.tgz 0ms (cache hit)
326 http cache @webassemblyjs/wasm-opt@https://registry.npmjs.org/@webassemblyjs/wasm-opt/-/wasm-opt-1.14.1.tgz 0ms (cache hit)
327 http cache @webassemblyjs/utf8@https://registry.npmjs.org/@webassemblyjs/utf8/-/utf8-1.13.2.tgz 0ms (cache hit)
328 http cache @webassemblyjs/leb128@https://registry.npmjs.org/@webassemblyjs/leb128/-/leb128-1.13.2.tgz 0ms (cache hit)
329 http cache @webassemblyjs/ieee754@https://registry.npmjs.org/@webassemblyjs/ieee754/-/ieee754-1.13.2.tgz 0ms (cache hit)
330 http cache @webassemblyjs/helper-wasm-section@https://registry.npmjs.org/@webassemblyjs/helper-wasm-section/-/helper-wasm-section-1.14.1.tgz 0ms (cache hit)
331 http cache @webassemblyjs/helper-numbers@https://registry.npmjs.org/@webassemblyjs/helper-numbers/-/helper-numbers-1.13.2.tgz 0ms (cache hit)
332 http cache @webassemblyjs/helper-wasm-bytecode@https://registry.npmjs.org/@webassemblyjs/helper-wasm-bytecode/-/helper-wasm-bytecode-1.13.2.tgz 0ms (cache hit)
333 http cache @webassemblyjs/helper-buffer@https://registry.npmjs.org/@webassemblyjs/helper-buffer/-/helper-buffer-1.14.1.tgz 0ms (cache hit)
334 http cache @webassemblyjs/helper-api-error@https://registry.npmjs.org/@webassemblyjs/helper-api-error/-/helper-api-error-1.13.2.tgz 0ms (cache hit)
335 http cache @webassemblyjs/floating-point-hex-parser@https://registry.npmjs.org/@webassemblyjs/floating-point-hex-parser/-/floating-point-hex-parser-1.13.2.tgz 0ms (cache hit)
336 http cache @vitest/utils@https://registry.npmjs.org/@vitest/utils/-/utils-3.2.4.tgz 0ms (cache hit)
337 http cache @webassemblyjs/ast@https://registry.npmjs.org/@webassemblyjs/ast/-/ast-1.14.1.tgz 0ms (cache hit)
338 http cache @vitest/spy@https://registry.npmjs.org/@vitest/spy/-/spy-3.2.4.tgz 0ms (cache hit)
339 http cache @vitest/snapshot@https://registry.npmjs.org/@vitest/snapshot/-/snapshot-3.2.4.tgz 0ms (cache hit)
340 http cache @vitest/runner@https://registry.npmjs.org/@vitest/runner/-/runner-3.2.4.tgz 0ms (cache hit)
341 http cache @vitest/pretty-format@https://registry.npmjs.org/@vitest/pretty-format/-/pretty-format-3.2.4.tgz 0ms (cache hit)
342 http cache @vitest/mocker@https://registry.npmjs.org/@vitest/mocker/-/mocker-3.2.4.tgz 0ms (cache hit)
343 http cache @vitest/expect@https://registry.npmjs.org/@vitest/expect/-/expect-3.2.4.tgz 0ms (cache hit)
344 http cache @ungap/structured-clone@https://registry.npmjs.org/@ungap/structured-clone/-/structured-clone-1.3.0.tgz 0ms (cache hit)
345 http cache @types/yargs@https://registry.npmjs.org/@types/yargs/-/yargs-17.0.35.tgz 0ms (cache hit)
346 http cache @types/webpack-env@https://registry.npmjs.org/@types/webpack-env/-/webpack-env-1.18.8.tgz 0ms (cache hit)
347 http cache @types/yargs-parser@https://registry.npmjs.org/@types/yargs-parser/-/yargs-parser-21.0.3.tgz 0ms (cache hit)
348 http cache @types/node@https://registry.npmjs.org/@types/node/-/node-25.0.9.tgz 0ms (cache hit)
349 http cache @types/json-schema@https://registry.npmjs.org/@types/json-schema/-/json-schema-7.0.15.tgz 0ms (cache hit)
350 http cache @types/istanbul-reports@https://registry.npmjs.org/@types/istanbul-reports/-/istanbul-reports-3.0.4.tgz 0ms (cache hit)
351 http cache @types/istanbul-lib-report@https://registry.npmjs.org/@types/istanbul-lib-report/-/istanbul-lib-report-3.0.3.tgz 0ms (cache hit)
352 http cache @types/istanbul-lib-coverage@https://registry.npmjs.org/@types/istanbul-lib-coverage/-/istanbul-lib-coverage-2.0.6.tgz 0ms (cache hit)
353 http cache @types/hotwired__turbo@https://registry.npmjs.org/@types/hotwired__turbo/-/hotwired__turbo-8.0.6.tgz 0ms (cache hit)
354 http cache @types/estree@https://registry.npmjs.org/@types/estree/-/estree-1.0.8.tgz 0ms (cache hit)
355 http cache @types/eslint@https://registry.npmjs.org/@types/eslint/-/eslint-9.6.1.tgz 1ms (cache hit)
356 http cache @types/eslint-scope@https://registry.npmjs.org/@types/eslint-scope/-/eslint-scope-3.7.7.tgz 0ms (cache hit)
357 http cache @types/deep-eql@https://registry.npmjs.org/@types/deep-eql/-/deep-eql-4.0.2.tgz 0ms (cache hit)
358 http cache @types/chai@https://registry.npmjs.org/@types/chai/-/chai-5.2.3.tgz 0ms (cache hit)
359 http cache @types/aria-query@https://registry.npmjs.org/@types/aria-query/-/aria-query-5.0.4.tgz 0ms (cache hit)
360 http cache @testing-library/jest-dom@https://registry.npmjs.org/@testing-library/jest-dom/-/jest-dom-6.9.1.tgz 0ms (cache hit)
361 http cache @testing-library/user-event@https://registry.npmjs.org/@testing-library/user-event/-/user-event-14.6.1.tgz 0ms (cache hit)
362 http cache @testing-library/dom@https://registry.npmjs.org/@testing-library/dom/-/dom-10.4.1.tgz 0ms (cache hit)
363 http cache @symfony/webpack-encore@https://registry.npmjs.org/@symfony/webpack-encore/-/webpack-encore-5.3.1.tgz 0ms (cache hit)
364 http cache @symfony/stimulus-bridge@https://registry.npmjs.org/@symfony/stimulus-bridge/-/stimulus-bridge-4.0.1.tgz 0ms (cache hit)
365 http cache @rollup/rollup-linux-x64-musl@https://registry.npmjs.org/@rollup/rollup-linux-x64-musl/-/rollup-linux-x64-musl-4.57.1.tgz 0ms (cache hit)
366 http cache @sinclair/typebox@https://registry.npmjs.org/@sinclair/typebox/-/typebox-0.34.47.tgz 0ms (cache hit)
367 http cache @rollup/rollup-linux-x64-gnu@https://registry.npmjs.org/@rollup/rollup-linux-x64-gnu/-/rollup-linux-x64-gnu-4.57.1.tgz 0ms (cache hit)
368 http cache @popperjs/core@https://registry.npmjs.org/@popperjs/core/-/core-2.11.8.tgz 0ms (cache hit)
369 http cache @parcel/watcher-linux-x64-musl@https://registry.npmjs.org/@parcel/watcher-linux-x64-musl/-/watcher-linux-x64-musl-2.5.4.tgz 0ms (cache hit)
370 http cache @parcel/watcher@https://registry.npmjs.org/@parcel/watcher/-/watcher-2.5.4.tgz 0ms (cache hit)
371 http cache @parcel/watcher-linux-x64-glibc@https://registry.npmjs.org/@parcel/watcher-linux-x64-glibc/-/watcher-linux-x64-glibc-2.5.4.tgz 0ms (cache hit)
372 http cache @nuxt/friendly-errors-webpack-plugin@https://registry.npmjs.org/@nuxt/friendly-errors-webpack-plugin/-/friendly-errors-webpack-plugin-2.6.0.tgz 0ms (cache hit)
373 http cache @jridgewell/trace-mapping@https://registry.npmjs.org/@jridgewell/trace-mapping/-/trace-mapping-0.3.31.tgz 0ms (cache hit)
374 http cache @jridgewell/sourcemap-codec@https://registry.npmjs.org/@jridgewell/sourcemap-codec/-/sourcemap-codec-1.5.5.tgz 0ms (cache hit)
375 http cache @jridgewell/source-map@https://registry.npmjs.org/@jridgewell/source-map/-/source-map-0.3.11.tgz 0ms (cache hit)
376 http cache @jridgewell/resolve-uri@https://registry.npmjs.org/@jridgewell/resolve-uri/-/resolve-uri-3.1.2.tgz 0ms (cache hit)
377 http cache @jridgewell/remapping@https://registry.npmjs.org/@jridgewell/remapping/-/remapping-2.3.5.tgz 0ms (cache hit)
378 http cache @jridgewell/gen-mapping@https://registry.npmjs.org/@jridgewell/gen-mapping/-/gen-mapping-0.3.13.tgz 0ms (cache hit)
379 http cache @jest/types@https://registry.npmjs.org/@jest/types/-/types-30.2.0.tgz 0ms (cache hit)
380 http cache @jest/schemas@https://registry.npmjs.org/@jest/schemas/-/schemas-30.0.5.tgz 0ms (cache hit)
381 http cache @jest/pattern@https://registry.npmjs.org/@jest/pattern/-/pattern-30.0.1.tgz 0ms (cache hit)
382 http cache @hotwired/turbo@https://registry.npmjs.org/@hotwired/turbo/-/turbo-8.0.21.tgz 0ms (cache hit)
383 http cache @hotwired/stimulus-webpack-helpers@https://registry.npmjs.org/@hotwired/stimulus-webpack-helpers/-/stimulus-webpack-helpers-1.0.1.tgz 0ms (cache hit)
384 http cache @hotwired/stimulus@https://registry.npmjs.org/@hotwired/stimulus/-/stimulus-3.2.2.tgz 0ms (cache hit)
385 http cache @esbuild/linux-x64@https://registry.npmjs.org/@esbuild/linux-x64/-/linux-x64-0.27.2.tgz 0ms (cache hit)
386 http cache @discoveryjs/json-ext@https://registry.npmjs.org/@discoveryjs/json-ext/-/json-ext-0.5.7.tgz 0ms (cache hit)
387 http cache @csstools/css-tokenizer@https://registry.npmjs.org/@csstools/css-tokenizer/-/css-tokenizer-3.0.4.tgz 0ms (cache hit)
388 http cache @csstools/css-color-parser@https://registry.npmjs.org/@csstools/css-color-parser/-/css-color-parser-3.1.0.tgz 0ms (cache hit)
389 http cache @csstools/css-parser-algorithms@https://registry.npmjs.org/@csstools/css-parser-algorithms/-/css-parser-algorithms-3.0.5.tgz 0ms (cache hit)
390 http cache @csstools/css-calc@https://registry.npmjs.org/@csstools/css-calc/-/css-calc-2.1.4.tgz 0ms (cache hit)
391 http cache @csstools/color-helpers@https://registry.npmjs.org/@csstools/color-helpers/-/color-helpers-5.1.0.tgz 0ms (cache hit)
392 http cache @babel/traverse@https://registry.npmjs.org/@babel/traverse/-/traverse-7.28.6.tgz 0ms (cache hit)
393 http cache @babel/types@https://registry.npmjs.org/@babel/types/-/types-7.28.6.tgz 0ms (cache hit)
394 http cache @babel/template@https://registry.npmjs.org/@babel/template/-/template-7.28.6.tgz 0ms (cache hit)
395 http cache @babel/preset-modules@https://registry.npmjs.org/@babel/preset-modules/-/preset-modules-0.1.6-no-external-plugins.tgz 0ms (cache hit)
396 http cache @babel/preset-env@https://registry.npmjs.org/@babel/preset-env/-/preset-env-7.28.6.tgz 0ms (cache hit)
397 http cache @babel/runtime@https://registry.npmjs.org/@babel/runtime/-/runtime-7.28.6.tgz 0ms (cache hit)
398 http cache @babel/plugin-transform-unicode-sets-regex@https://registry.npmjs.org/@babel/plugin-transform-unicode-sets-regex/-/plugin-transform-unicode-sets-regex-7.28.6.tgz 0ms (cache hit)
399 http cache @babel/plugin-transform-unicode-regex@https://registry.npmjs.org/@babel/plugin-transform-unicode-regex/-/plugin-transform-unicode-regex-7.27.1.tgz 0ms (cache hit)
400 http cache @babel/plugin-transform-unicode-property-regex@https://registry.npmjs.org/@babel/plugin-transform-unicode-property-regex/-/plugin-transform-unicode-property-regex-7.28.6.tgz 0ms (cache hit)
401 http cache @babel/plugin-transform-typeof-symbol@https://registry.npmjs.org/@babel/plugin-transform-typeof-symbol/-/plugin-transform-typeof-symbol-7.27.1.tgz 0ms (cache hit)
402 http cache @babel/plugin-transform-unicode-escapes@https://registry.npmjs.org/@babel/plugin-transform-unicode-escapes/-/plugin-transform-unicode-escapes-7.27.1.tgz 0ms (cache hit)
403 http cache @babel/plugin-transform-template-literals@https://registry.npmjs.org/@babel/plugin-transform-template-literals/-/plugin-transform-template-literals-7.27.1.tgz 0ms (cache hit)
404 http cache @babel/plugin-transform-sticky-regex@https://registry.npmjs.org/@babel/plugin-transform-sticky-regex/-/plugin-transform-sticky-regex-7.27.1.tgz 0ms (cache hit)
405 http cache @babel/plugin-transform-spread@https://registry.npmjs.org/@babel/plugin-transform-spread/-/plugin-transform-spread-7.28.6.tgz 0ms (cache hit)
406 http cache @babel/plugin-transform-reserved-words@https://registry.npmjs.org/@babel/plugin-transform-reserved-words/-/plugin-transform-reserved-words-7.27.1.tgz 0ms (cache hit)
407 http cache @babel/plugin-transform-regexp-modifiers@https://registry.npmjs.org/@babel/plugin-transform-regexp-modifiers/-/plugin-transform-regexp-modifiers-7.28.6.tgz 0ms (cache hit)
408 http cache @babel/plugin-transform-shorthand-properties@https://registry.npmjs.org/@babel/plugin-transform-shorthand-properties/-/plugin-transform-shorthand-properties-7.27.1.tgz 0ms (cache hit)
409 http cache @babel/plugin-transform-regenerator@https://registry.npmjs.org/@babel/plugin-transform-regenerator/-/plugin-transform-regenerator-7.28.6.tgz 0ms (cache hit)
410 http cache @babel/plugin-transform-property-literals@https://registry.npmjs.org/@babel/plugin-transform-property-literals/-/plugin-transform-property-literals-7.27.1.tgz 0ms (cache hit)
411 http cache @babel/plugin-transform-private-methods@https://registry.npmjs.org/@babel/plugin-transform-private-methods/-/plugin-transform-private-methods-7.28.6.tgz 0ms (cache hit)
412 http cache @babel/plugin-transform-private-property-in-object@https://registry.npmjs.org/@babel/plugin-transform-private-property-in-object/-/plugin-transform-private-property-in-object-7.28.6.tgz 0ms (cache hit)
413 http cache @babel/plugin-transform-optional-chaining@https://registry.npmjs.org/@babel/plugin-transform-optional-chaining/-/plugin-transform-optional-chaining-7.28.6.tgz 0ms (cache hit)
414 http cache @babel/plugin-transform-parameters@https://registry.npmjs.org/@babel/plugin-transform-parameters/-/plugin-transform-parameters-7.27.7.tgz 0ms (cache hit)
415 http cache @babel/plugin-transform-optional-catch-binding@https://registry.npmjs.org/@babel/plugin-transform-optional-catch-binding/-/plugin-transform-optional-catch-binding-7.28.6.tgz 0ms (cache hit)
416 http cache @babel/plugin-transform-object-super@https://registry.npmjs.org/@babel/plugin-transform-object-super/-/plugin-transform-object-super-7.27.1.tgz 0ms (cache hit)
417 http cache @babel/plugin-transform-object-rest-spread@https://registry.npmjs.org/@babel/plugin-transform-object-rest-spread/-/plugin-transform-object-rest-spread-7.28.6.tgz 0ms (cache hit)
418 http cache @babel/plugin-transform-numeric-separator@https://registry.npmjs.org/@babel/plugin-transform-numeric-separator/-/plugin-transform-numeric-separator-7.28.6.tgz 0ms (cache hit)
419 http cache @babel/plugin-transform-new-target@https://registry.npmjs.org/@babel/plugin-transform-new-target/-/plugin-transform-new-target-7.27.1.tgz 0ms (cache hit)
420 http cache @babel/plugin-transform-nullish-coalescing-operator@https://registry.npmjs.org/@babel/plugin-transform-nullish-coalescing-operator/-/plugin-transform-nullish-coalescing-operator-7.28.6.tgz 0ms (cache hit)
421 http cache @babel/plugin-transform-named-capturing-groups-regex@https://registry.npmjs.org/@babel/plugin-transform-named-capturing-groups-regex/-/plugin-transform-named-capturing-groups-regex-7.27.1.tgz 0ms (cache hit)
422 http cache @babel/plugin-transform-modules-commonjs@https://registry.npmjs.org/@babel/plugin-transform-modules-commonjs/-/plugin-transform-modules-commonjs-7.28.6.tgz 0ms (cache hit)
423 http cache @babel/plugin-transform-modules-systemjs@https://registry.npmjs.org/@babel/plugin-transform-modules-systemjs/-/plugin-transform-modules-systemjs-7.28.5.tgz 0ms (cache hit)
424 http cache @babel/plugin-transform-modules-amd@https://registry.npmjs.org/@babel/plugin-transform-modules-amd/-/plugin-transform-modules-amd-7.27.1.tgz 0ms (cache hit)
425 http cache @babel/plugin-transform-modules-umd@https://registry.npmjs.org/@babel/plugin-transform-modules-umd/-/plugin-transform-modules-umd-7.27.1.tgz 1ms (cache hit)
426 http cache @babel/plugin-transform-member-expression-literals@https://registry.npmjs.org/@babel/plugin-transform-member-expression-literals/-/plugin-transform-member-expression-literals-7.27.1.tgz 0ms (cache hit)
427 http cache @babel/plugin-transform-logical-assignment-operators@https://registry.npmjs.org/@babel/plugin-transform-logical-assignment-operators/-/plugin-transform-logical-assignment-operators-7.28.6.tgz 0ms (cache hit)
428 http cache @babel/plugin-transform-literals@https://registry.npmjs.org/@babel/plugin-transform-literals/-/plugin-transform-literals-7.27.1.tgz 0ms (cache hit)
429 http cache @babel/plugin-transform-json-strings@https://registry.npmjs.org/@babel/plugin-transform-json-strings/-/plugin-transform-json-strings-7.28.6.tgz 0ms (cache hit)
430 http cache @babel/plugin-transform-function-name@https://registry.npmjs.org/@babel/plugin-transform-function-name/-/plugin-transform-function-name-7.27.1.tgz 0ms (cache hit)
431 http cache @babel/plugin-transform-for-of@https://registry.npmjs.org/@babel/plugin-transform-for-of/-/plugin-transform-for-of-7.27.1.tgz 0ms (cache hit)
432 http cache @babel/plugin-transform-export-namespace-from@https://registry.npmjs.org/@babel/plugin-transform-export-namespace-from/-/plugin-transform-export-namespace-from-7.27.1.tgz 0ms (cache hit)
433 http cache @babel/plugin-transform-exponentiation-operator@https://registry.npmjs.org/@babel/plugin-transform-exponentiation-operator/-/plugin-transform-exponentiation-operator-7.28.6.tgz 0ms (cache hit)
434 http cache @babel/plugin-transform-dynamic-import@https://registry.npmjs.org/@babel/plugin-transform-dynamic-import/-/plugin-transform-dynamic-import-7.27.1.tgz 0ms (cache hit)
435 http cache @babel/plugin-transform-explicit-resource-management@https://registry.npmjs.org/@babel/plugin-transform-explicit-resource-management/-/plugin-transform-explicit-resource-management-7.28.6.tgz 0ms (cache hit)
436 http cache @babel/plugin-transform-duplicate-named-capturing-groups-regex@https://registry.npmjs.org/@babel/plugin-transform-duplicate-named-capturing-groups-regex/-/plugin-transform-duplicate-named-capturing-groups-regex-7.28.6.tgz 0ms (cache hit)
437 http cache @babel/plugin-transform-duplicate-keys@https://registry.npmjs.org/@babel/plugin-transform-duplicate-keys/-/plugin-transform-duplicate-keys-7.27.1.tgz 0ms (cache hit)
438 http cache @babel/plugin-transform-dotall-regex@https://registry.npmjs.org/@babel/plugin-transform-dotall-regex/-/plugin-transform-dotall-regex-7.28.6.tgz 0ms (cache hit)
439 http cache @babel/plugin-transform-destructuring@https://registry.npmjs.org/@babel/plugin-transform-destructuring/-/plugin-transform-destructuring-7.28.5.tgz 0ms (cache hit)
440 http cache @babel/plugin-transform-computed-properties@https://registry.npmjs.org/@babel/plugin-transform-computed-properties/-/plugin-transform-computed-properties-7.28.6.tgz 0ms (cache hit)
441 http cache @babel/plugin-transform-classes@https://registry.npmjs.org/@babel/plugin-transform-classes/-/plugin-transform-classes-7.28.6.tgz 0ms (cache hit)
442 http cache @babel/plugin-transform-class-properties@https://registry.npmjs.org/@babel/plugin-transform-class-properties/-/plugin-transform-class-properties-7.28.6.tgz 0ms (cache hit)
443 http cache @babel/plugin-transform-class-static-block@https://registry.npmjs.org/@babel/plugin-transform-class-static-block/-/plugin-transform-class-static-block-7.28.6.tgz 0ms (cache hit)
444 http cache @babel/plugin-transform-block-scoping@https://registry.npmjs.org/@babel/plugin-transform-block-scoping/-/plugin-transform-block-scoping-7.28.6.tgz 0ms (cache hit)
445 http cache @babel/plugin-transform-block-scoped-functions@https://registry.npmjs.org/@babel/plugin-transform-block-scoped-functions/-/plugin-transform-block-scoped-functions-7.27.1.tgz 0ms (cache hit)
446 http cache @babel/plugin-transform-async-generator-functions@https://registry.npmjs.org/@babel/plugin-transform-async-generator-functions/-/plugin-transform-async-generator-functions-7.28.6.tgz 0ms (cache hit)
447 http cache @babel/plugin-transform-async-to-generator@https://registry.npmjs.org/@babel/plugin-transform-async-to-generator/-/plugin-transform-async-to-generator-7.28.6.tgz 0ms (cache hit)
448 http cache @babel/plugin-transform-arrow-functions@https://registry.npmjs.org/@babel/plugin-transform-arrow-functions/-/plugin-transform-arrow-functions-7.27.1.tgz 0ms (cache hit)
449 http cache @babel/plugin-syntax-unicode-sets-regex@https://registry.npmjs.org/@babel/plugin-syntax-unicode-sets-regex/-/plugin-syntax-unicode-sets-regex-7.18.6.tgz 0ms (cache hit)
450 http cache @babel/plugin-syntax-import-attributes@https://registry.npmjs.org/@babel/plugin-syntax-import-attributes/-/plugin-syntax-import-attributes-7.28.6.tgz 0ms (cache hit)
451 http cache @babel/plugin-syntax-import-assertions@https://registry.npmjs.org/@babel/plugin-syntax-import-assertions/-/plugin-syntax-import-assertions-7.28.6.tgz 0ms (cache hit)
452 http cache @babel/plugin-proposal-private-property-in-object@https://registry.npmjs.org/@babel/plugin-proposal-private-property-in-object/-/plugin-proposal-private-property-in-object-7.21.0-placeholder-for-preset-env.2.tgz 0ms (cache hit)
453 http cache @babel/plugin-bugfix-v8-static-class-fields-redefine-readonly@https://registry.npmjs.org/@babel/plugin-bugfix-v8-static-class-fields-redefine-readonly/-/plugin-bugfix-v8-static-class-fields-redefine-readonly-7.28.6.tgz 0ms (cache hit)
454 http cache @babel/plugin-bugfix-safari-id-destructuring-collision-in-function-expression@https://registry.npmjs.org/@babel/plugin-bugfix-safari-id-destructuring-collision-in-function-expression/-/plugin-bugfix-safari-id-destructuring-collision-in-function-expression-7.27.1.tgz 0ms (cache hit)
455 http cache @babel/plugin-bugfix-v8-spread-parameters-in-optional-chaining@https://registry.npmjs.org/@babel/plugin-bugfix-v8-spread-parameters-in-optional-chaining/-/plugin-bugfix-v8-spread-parameters-in-optional-chaining-7.27.1.tgz 0ms (cache hit)
456 http cache @babel/plugin-bugfix-safari-class-field-initializer-scope@https://registry.npmjs.org/@babel/plugin-bugfix-safari-class-field-initializer-scope/-/plugin-bugfix-safari-class-field-initializer-scope-7.27.1.tgz 0ms (cache hit)
457 http cache @babel/parser@https://registry.npmjs.org/@babel/parser/-/parser-7.28.6.tgz 0ms (cache hit)
458 http cache @babel/plugin-bugfix-firefox-class-in-computed-class-key@https://registry.npmjs.org/@babel/plugin-bugfix-firefox-class-in-computed-class-key/-/plugin-bugfix-firefox-class-in-computed-class-key-7.28.5.tgz 0ms (cache hit)
459 http cache @babel/helpers@https://registry.npmjs.org/@babel/helpers/-/helpers-7.28.6.tgz 0ms (cache hit)
460 http cache @babel/helper-wrap-function@https://registry.npmjs.org/@babel/helper-wrap-function/-/helper-wrap-function-7.28.6.tgz 0ms (cache hit)
461 http cache @babel/helper-validator-option@https://registry.npmjs.org/@babel/helper-validator-option/-/helper-validator-option-7.27.1.tgz 0ms (cache hit)
462 http cache @babel/helper-validator-identifier@https://registry.npmjs.org/@babel/helper-validator-identifier/-/helper-validator-identifier-7.28.5.tgz 0ms (cache hit)
463 http cache @babel/helper-string-parser@https://registry.npmjs.org/@babel/helper-string-parser/-/helper-string-parser-7.27.1.tgz 0ms (cache hit)
464 http cache @babel/helper-skip-transparent-expression-wrappers@https://registry.npmjs.org/@babel/helper-skip-transparent-expression-wrappers/-/helper-skip-transparent-expression-wrappers-7.27.1.tgz 0ms (cache hit)
465 http cache @babel/helper-replace-supers@https://registry.npmjs.org/@babel/helper-replace-supers/-/helper-replace-supers-7.28.6.tgz 0ms (cache hit)
466 http cache @babel/helper-optimise-call-expression@https://registry.npmjs.org/@babel/helper-optimise-call-expression/-/helper-optimise-call-expression-7.27.1.tgz 0ms (cache hit)
467 http cache @babel/helper-plugin-utils@https://registry.npmjs.org/@babel/helper-plugin-utils/-/helper-plugin-utils-7.28.6.tgz 0ms (cache hit)
468 http cache @babel/helper-remap-async-to-generator@https://registry.npmjs.org/@babel/helper-remap-async-to-generator/-/helper-remap-async-to-generator-7.27.1.tgz 0ms (cache hit)
469 http cache @babel/helper-module-transforms@https://registry.npmjs.org/@babel/helper-module-transforms/-/helper-module-transforms-7.28.6.tgz 0ms (cache hit)
470 http cache @babel/helper-module-imports@https://registry.npmjs.org/@babel/helper-module-imports/-/helper-module-imports-7.28.6.tgz 0ms (cache hit)
471 http cache @babel/helper-member-expression-to-functions@https://registry.npmjs.org/@babel/helper-member-expression-to-functions/-/helper-member-expression-to-functions-7.28.5.tgz 0ms (cache hit)
472 http cache @babel/helper-define-polyfill-provider@https://registry.npmjs.org/@babel/helper-define-polyfill-provider/-/helper-define-polyfill-provider-0.6.5.tgz 0ms (cache hit)
473 http cache @babel/helper-globals@https://registry.npmjs.org/@babel/helper-globals/-/helper-globals-7.28.0.tgz 0ms (cache hit)
474 http cache @babel/helper-create-regexp-features-plugin@https://registry.npmjs.org/@babel/helper-create-regexp-features-plugin/-/helper-create-regexp-features-plugin-7.28.5.tgz 0ms (cache hit)
475 http cache @babel/helper-create-class-features-plugin@https://registry.npmjs.org/@babel/helper-create-class-features-plugin/-/helper-create-class-features-plugin-7.28.6.tgz 0ms (cache hit)
476 http cache @babel/helper-compilation-targets@https://registry.npmjs.org/@babel/helper-compilation-targets/-/helper-compilation-targets-7.28.6.tgz 0ms (cache hit)
477 http cache @babel/helper-annotate-as-pure@https://registry.npmjs.org/@babel/helper-annotate-as-pure/-/helper-annotate-as-pure-7.27.3.tgz 0ms (cache hit)
478 http cache @babel/generator@https://registry.npmjs.org/@babel/generator/-/generator-7.28.6.tgz 0ms (cache hit)
479 http cache @babel/core@https://registry.npmjs.org/@babel/core/-/core-7.28.6.tgz 0ms (cache hit)
480 http cache @babel/compat-data@https://registry.npmjs.org/@babel/compat-data/-/compat-data-7.28.6.tgz 0ms (cache hit)
481 http cache @asamuzakjp/css-color@https://registry.npmjs.org/@asamuzakjp/css-color/-/css-color-3.2.0.tgz 0ms (cache hit)
482 http cache @babel/code-frame@https://registry.npmjs.org/@babel/code-frame/-/code-frame-7.28.6.tgz 0ms (cache hit)
483 http cache @adobe/css-tools@https://registry.npmjs.org/@adobe/css-tools/-/css-tools-4.4.4.tgz 0ms (cache hit)
484 http cache webpack-sources@https://registry.npmjs.org/webpack-sources/-/webpack-sources-2.3.1.tgz 0ms (cache hit)
485 http cache commander@https://registry.npmjs.org/commander/-/commander-10.0.1.tgz 0ms (cache hit)
486 http cache es-module-lexer@https://registry.npmjs.org/es-module-lexer/-/es-module-lexer-1.7.0.tgz 0ms (cache hit)
487 http cache jest-worker@https://registry.npmjs.org/jest-worker/-/jest-worker-27.5.1.tgz 0ms (cache hit)
488 http cache has-flag@https://registry.npmjs.org/has-flag/-/has-flag-4.0.0.tgz 0ms (cache hit)
489 http cache supports-color@https://registry.npmjs.org/supports-color/-/supports-color-8.1.1.tgz 0ms (cache hit)
490 http cache entities@https://registry.npmjs.org/entities/-/entities-4.5.0.tgz 0ms (cache hit)
491 http cache domutils@https://registry.npmjs.org/domutils/-/domutils-3.2.2.tgz 0ms (cache hit)
492 http cache commander@https://registry.npmjs.org/commander/-/commander-2.20.3.tgz 0ms (cache hit)
493 http cache domhandler@https://registry.npmjs.org/domhandler/-/domhandler-5.0.3.tgz 0ms (cache hit)
494 http cache css-select@https://registry.npmjs.org/css-select/-/css-select-5.2.2.tgz 0ms (cache hit)
495 http cache dom-serializer@https://registry.npmjs.org/dom-serializer/-/dom-serializer-2.0.0.tgz 0ms (cache hit)
496 http cache convert-source-map@https://registry.npmjs.org/convert-source-map/-/convert-source-map-1.9.0.tgz 0ms (cache hit)
497 http cache js-tokens@https://registry.npmjs.org/js-tokens/-/js-tokens-9.0.1.tgz 0ms (cache hit)
498 http cache ansi-styles@https://registry.npmjs.org/ansi-styles/-/ansi-styles-5.2.0.tgz 0ms (cache hit)
499 http cache p-locate@https://registry.npmjs.org/p-locate/-/p-locate-4.1.0.tgz 0ms (cache hit)
500 http cache p-limit@https://registry.npmjs.org/p-limit/-/p-limit-2.3.0.tgz 0ms (cache hit)
501 http cache locate-path@https://registry.npmjs.org/locate-path/-/locate-path-5.0.0.tgz 0ms (cache hit)
502 http cache entities@https://registry.npmjs.org/entities/-/entities-6.0.1.tgz 0ms (cache hit)
503 http cache find-up@https://registry.npmjs.org/find-up/-/find-up-4.1.0.tgz 0ms (cache hit)
504 http cache supports-color@https://registry.npmjs.org/supports-color/-/supports-color-8.1.1.tgz 0ms (cache hit)
505 http cache has-flag@https://registry.npmjs.org/has-flag/-/has-flag-4.0.0.tgz 0ms (cache hit)
506 http cache has-flag@https://registry.npmjs.org/has-flag/-/has-flag-4.0.0.tgz 0ms (cache hit)
507 http cache supports-color@https://registry.npmjs.org/supports-color/-/supports-color-7.2.0.tgz 0ms (cache hit)
508 http cache color-name@https://registry.npmjs.org/color-name/-/color-name-1.1.4.tgz 0ms (cache hit)
509 http cache color-convert@https://registry.npmjs.org/color-convert/-/color-convert-2.0.1.tgz 0ms (cache hit)
510 http cache ansi-styles@https://registry.npmjs.org/ansi-styles/-/ansi-styles-4.3.0.tgz 0ms (cache hit)
511 http cache chalk@https://registry.npmjs.org/chalk/-/chalk-4.1.2.tgz 0ms (cache hit)
512 http cache estraverse@https://registry.npmjs.org/estraverse/-/estraverse-5.3.0.tgz 0ms (cache hit)
513 http cache mdn-data@https://registry.npmjs.org/mdn-data/-/mdn-data-2.0.28.tgz 0ms (cache hit)
514 http cache semver@https://registry.npmjs.org/semver/-/semver-7.7.3.tgz 0ms (cache hit)
515 http cache css-tree@https://registry.npmjs.org/css-tree/-/css-tree-2.2.1.tgz 0ms (cache hit)
516 http cache dom-accessibility-api@https://registry.npmjs.org/dom-accessibility-api/-/dom-accessibility-api-0.6.3.tgz 0ms (cache hit)
517 http cache semver@https://registry.npmjs.org/semver/-/semver-7.7.3.tgz 0ms (cache hit)
518 http cache has-flag@https://registry.npmjs.org/has-flag/-/has-flag-4.0.0.tgz 0ms (cache hit)
519 http cache supports-color@https://registry.npmjs.org/supports-color/-/supports-color-7.2.0.tgz 0ms (cache hit)
520 http cache color-name@https://registry.npmjs.org/color-name/-/color-name-1.1.4.tgz 0ms (cache hit)
521 http cache chalk@https://registry.npmjs.org/chalk/-/chalk-4.1.2.tgz 0ms (cache hit)
522 http cache ansi-styles@https://registry.npmjs.org/ansi-styles/-/ansi-styles-4.3.0.tgz 0ms (cache hit)
523 http cache color-convert@https://registry.npmjs.org/color-convert/-/color-convert-2.0.1.tgz 0ms (cache hit)
524 http cache lru-cache@https://registry.npmjs.org/lru-cache/-/lru-cache-10.4.3.tgz 0ms (cache hit)
525 http fetch POST 200 https://registry.npmjs.org/-/npm/v1/security/advisories/bulk 1119ms
526 silly audit report {}
527 warn deprecated whatwg-encoding@3.1.1: Use @exodus/bytes instead for a more spec-conformant and faster implementation
528 info run @parcel/watcher@2.5.4 install node_modules/@parcel/watcher node scripts/build-from-source.js
529 info run @parcel/watcher@2.5.4 install { code: 0, signal: null }
530 info run core-js@3.47.0 postinstall node_modules/core-js node -e "try{require('./postinstall')}catch(e){}"
531 info run esbuild@0.27.2 postinstall node_modules/esbuild node install.js
532 info run core-js@3.47.0 postinstall { code: 0, signal: null }
533 info run esbuild@0.27.2 postinstall { code: 0, signal: null }
534 silly ADD node_modules/@symfony/ux-turbo
535 silly ADD node_modules/yocto-queue
536 silly ADD node_modules/yargs-parser
537 silly ADD node_modules/yallist
538 silly ADD node_modules/xmlchars
539 silly ADD node_modules/xml-name-validator
540 silly ADD node_modules/ws
541 silly ADD node_modules/wildcard
542 silly ADD node_modules/why-is-node-running
543 silly ADD node_modules/which
544 silly ADD node_modules/whatwg-url
545 silly ADD node_modules/whatwg-mimetype
546 silly ADD node_modules/whatwg-encoding
547 silly ADD node_modules/webpack-sources
548 silly ADD node_modules/webpack-merge
549 silly ADD node_modules/webpack-manifest-plugin
550 silly ADD node_modules/webpack-manifest-plugin/node_modules/webpack-sources
551 silly ADD node_modules/webpack-cli
552 silly ADD node_modules/webpack-cli/node_modules/commander
553 silly ADD node_modules/webpack
554 silly ADD node_modules/webidl-conversions
555 silly ADD node_modules/watchpack
556 silly ADD node_modules/w3c-xmlserializer
557 silly ADD node_modules/vitest
558 silly ADD node_modules/vite-node
559 silly ADD node_modules/vite-node/node_modules/es-module-lexer
560 silly ADD node_modules/vite
561 silly ADD node_modules/utila
562 silly ADD node_modules/util-deprecate
563 silly ADD node_modules/update-browserslist-db
564 silly ADD node_modules/unicode-property-aliases-ecmascript
565 silly ADD node_modules/unicode-match-property-value-ecmascript
566 silly ADD node_modules/unicode-match-property-ecmascript
567 silly ADD node_modules/unicode-canonical-property-names-ecmascript
568 silly ADD node_modules/undici-types
569 silly ADD node_modules/typescript
570 silly ADD node_modules/tsx
571 silly ADD node_modules/tslib
572 silly ADD node_modules/tr46
573 silly ADD node_modules/tough-cookie
574 silly ADD node_modules/tmp
575 silly ADD node_modules/tldts-core
576 silly ADD node_modules/tldts
577 silly ADD node_modules/tinyspy
578 silly ADD node_modules/tinyrainbow
579 silly ADD node_modules/tinypool
580 silly ADD node_modules/tinyglobby
581 silly ADD node_modules/tinyexec
582 silly ADD node_modules/tinybench
583 silly ADD node_modules/terser-webpack-plugin
584 silly ADD node_modules/terser-webpack-plugin/node_modules/supports-color
585 silly ADD node_modules/terser-webpack-plugin/node_modules/jest-worker
586 silly ADD node_modules/terser-webpack-plugin/node_modules/has-flag
587 silly ADD node_modules/terser
588 silly ADD node_modules/terser/node_modules/commander
589 silly ADD node_modules/tapable
590 silly ADD node_modules/symbol-tree
591 silly ADD node_modules/svgo
592 silly ADD node_modules/svgo/node_modules/entities
593 silly ADD node_modules/svgo/node_modules/domutils
594 silly ADD node_modules/svgo/node_modules/domhandler
595 silly ADD node_modules/svgo/node_modules/dom-serializer
596 silly ADD node_modules/svgo/node_modules/css-select
597 silly ADD node_modules/supports-preserve-symlinks-flag
598 silly ADD node_modules/supports-color
599 silly ADD node_modules/stylehacks
600 silly ADD node_modules/style-loader
601 silly ADD node_modules/strip-literal
602 silly ADD node_modules/strip-literal/node_modules/js-tokens
603 silly ADD node_modules/strip-indent
604 silly ADD node_modules/strip-ansi
605 silly ADD node_modules/string-width
606 silly ADD node_modules/std-env
607 silly ADD node_modules/stackframe
608 silly ADD node_modules/stackback
609 silly ADD node_modules/source-map-support
610 silly ADD node_modules/source-map-js
611 silly ADD node_modules/source-map
612 silly ADD node_modules/source-list-map
613 silly ADD node_modules/siginfo
614 silly ADD node_modules/shebang-regex
615 silly ADD node_modules/shebang-command
616 silly ADD node_modules/shallow-clone
617 silly ADD node_modules/serialize-javascript
618 silly ADD node_modules/semver
619 silly ADD node_modules/schema-utils
620 silly ADD node_modules/saxes
621 silly ADD node_modules/sax
622 silly ADD node_modules/sass-loader
623 silly ADD node_modules/sass
624 silly ADD node_modules/safer-buffer
625 silly ADD node_modules/safe-buffer
626 silly ADD node_modules/rrweb-cssom
627 silly ADD node_modules/rollup
628 silly ADD node_modules/resolve-url-loader
629 silly ADD node_modules/resolve-url-loader/node_modules/convert-source-map
630 silly ADD node_modules/resolve-pkg-maps
631 silly ADD node_modules/resolve-from
632 silly ADD node_modules/resolve-cwd
633 silly ADD node_modules/resolve
634 silly ADD node_modules/require-from-string
635 silly ADD node_modules/renderkid
636 silly ADD node_modules/regjsparser
637 silly ADD node_modules/regjsgen
638 silly ADD node_modules/regexpu-core
639 silly ADD node_modules/regex-parser
640 silly ADD node_modules/regenerator-runtime
641 silly ADD node_modules/regenerate-unicode-properties
642 silly ADD node_modules/regenerate
643 silly ADD node_modules/redent
644 silly ADD node_modules/rechoir
645 silly ADD node_modules/readdirp
646 silly ADD node_modules/react-is
647 silly ADD node_modules/randombytes
648 silly ADD node_modules/punycode
649 silly ADD node_modules/pretty-format
650 silly ADD node_modules/pretty-format/node_modules/ansi-styles
651 silly ADD node_modules/pretty-error
652 silly ADD node_modules/prettier
653 silly ADD node_modules/postcss-value-parser
654 silly ADD node_modules/postcss-unique-selectors
655 silly ADD node_modules/postcss-svgo
656 silly ADD node_modules/postcss-selector-parser
657 silly ADD node_modules/postcss-reduce-transforms
658 silly ADD node_modules/postcss-reduce-initial
659 silly ADD node_modules/postcss-ordered-values
660 silly ADD node_modules/postcss-normalize-whitespace
661 silly ADD node_modules/postcss-normalize-url
662 silly ADD node_modules/postcss-normalize-unicode
663 silly ADD node_modules/postcss-normalize-timing-functions
664 silly ADD node_modules/postcss-normalize-string
665 silly ADD node_modules/postcss-normalize-repeat-style
666 silly ADD node_modules/postcss-normalize-positions
667 silly ADD node_modules/postcss-normalize-display-values
668 silly ADD node_modules/postcss-normalize-charset
669 silly ADD node_modules/postcss-modules-values
670 silly ADD node_modules/postcss-modules-scope
671 silly ADD node_modules/postcss-modules-local-by-default
672 silly ADD node_modules/postcss-modules-extract-imports
673 silly ADD node_modules/postcss-minify-selectors
674 silly ADD node_modules/postcss-minify-params
675 silly ADD node_modules/postcss-minify-gradients
676 silly ADD node_modules/postcss-minify-font-values
677 silly ADD node_modules/postcss-merge-rules
678 silly ADD node_modules/postcss-merge-longhand
679 silly ADD node_modules/postcss-discard-overridden
680 silly ADD node_modules/postcss-discard-empty
681 silly ADD node_modules/postcss-discard-duplicates
682 silly ADD node_modules/postcss-discard-comments
683 silly ADD node_modules/postcss-convert-values
684 silly ADD node_modules/postcss-colormin
685 silly ADD node_modules/postcss-calc
686 silly ADD node_modules/postcss
687 silly ADD node_modules/pkg-dir
688 silly ADD node_modules/pkg-dir/node_modules/p-locate
689 silly ADD node_modules/pkg-dir/node_modules/p-limit
690 silly ADD node_modules/pkg-dir/node_modules/locate-path
691 silly ADD node_modules/pkg-dir/node_modules/find-up
692 silly ADD node_modules/picomatch
693 silly ADD node_modules/picocolors
694 silly ADD node_modules/pathval
695 silly ADD node_modules/pathe
696 silly ADD node_modules/path-parse
697 silly ADD node_modules/path-key
698 silly ADD node_modules/path-exists
699 silly ADD node_modules/parse5
700 silly ADD node_modules/parse5/node_modules/entities
701 silly ADD node_modules/p-try
702 silly ADD node_modules/p-locate
703 silly ADD node_modules/p-limit
704 silly ADD node_modules/nwsapi
705 silly ADD node_modules/nth-check
706 silly ADD node_modules/node-releases
707 silly ADD node_modules/node-addon-api
708 silly ADD node_modules/neo-async
709 silly ADD node_modules/nanoid
710 silly ADD node_modules/ms
711 silly ADD node_modules/mini-css-extract-plugin
712 silly ADD node_modules/min-indent
713 silly ADD node_modules/mime-types
714 silly ADD node_modules/mime-db
715 silly ADD node_modules/merge-stream
716 silly ADD node_modules/mdn-data
717 silly ADD node_modules/magic-string
718 silly ADD node_modules/lz-string
719 silly ADD node_modules/lru-cache
720 silly ADD node_modules/loupe
721 silly ADD node_modules/lodash.uniq
722 silly ADD node_modules/lodash.memoize
723 silly ADD node_modules/lodash.debounce
724 silly ADD node_modules/lodash
725 silly ADD node_modules/locate-path
726 silly ADD node_modules/loader-utils
727 silly ADD node_modules/loader-runner
728 silly ADD node_modules/lilconfig
729 silly ADD node_modules/kind-of
730 silly ADD node_modules/json5
731 silly ADD node_modules/json-schema-traverse
732 silly ADD node_modules/json-parse-even-better-errors
733 silly ADD node_modules/jsesc
734 silly ADD node_modules/jsdom
735 silly ADD node_modules/js-tokens
736 silly ADD node_modules/jest-worker
737 silly ADD node_modules/jest-worker/node_modules/supports-color
738 silly ADD node_modules/jest-worker/node_modules/has-flag
739 silly ADD node_modules/jest-util
740 silly ADD node_modules/jest-util/node_modules/supports-color
741 silly ADD node_modules/jest-util/node_modules/has-flag
742 silly ADD node_modules/jest-util/node_modules/color-name
743 silly ADD node_modules/jest-util/node_modules/color-convert
744 silly ADD node_modules/jest-util/node_modules/chalk
745 silly ADD node_modules/jest-util/node_modules/ansi-styles
746 silly ADD node_modules/jest-regex-util
747 silly ADD node_modules/isobject
748 silly ADD node_modules/isexe
749 silly ADD node_modules/is-potential-custom-element-name
750 silly ADD node_modules/is-plain-object
751 silly ADD node_modules/is-glob
752 silly ADD node_modules/is-fullwidth-code-point
753 silly ADD node_modules/is-extglob
754 silly ADD node_modules/is-core-module
755 silly ADD node_modules/interpret
756 silly ADD node_modules/indent-string
757 silly ADD node_modules/import-local
758 silly ADD node_modules/immutable
759 silly ADD node_modules/icss-utils
760 silly ADD node_modules/iconv-lite
761 silly ADD node_modules/https-proxy-agent
762 silly ADD node_modules/http-proxy-agent
763 silly ADD node_modules/htmlparser2
764 silly ADD node_modules/html-encoding-sniffer
765 silly ADD node_modules/he
766 silly ADD node_modules/hasown
767 silly ADD node_modules/has-flag
768 silly ADD node_modules/graceful-fs
769 silly ADD node_modules/glob-to-regexp
770 silly ADD node_modules/get-tsconfig
771 silly ADD node_modules/gensync
772 silly ADD node_modules/function-bind
773 silly ADD node_modules/flat
774 silly ADD node_modules/find-up
775 silly ADD node_modules/fdir
776 silly ADD node_modules/fastest-levenshtein
777 silly ADD node_modules/fast-uri
778 silly ADD node_modules/fast-deep-equal
779 silly ADD node_modules/expect-type
780 silly ADD node_modules/events
781 silly ADD node_modules/esutils
782 silly ADD node_modules/estree-walker
783 silly ADD node_modules/estraverse
784 silly ADD node_modules/esrecurse
785 silly ADD node_modules/esrecurse/node_modules/estraverse
786 silly ADD node_modules/eslint-scope
787 silly ADD node_modules/escape-string-regexp
788 silly ADD node_modules/escalade
789 silly ADD node_modules/esbuild
790 silly ADD node_modules/es-module-lexer
791 silly ADD node_modules/error-stack-parser
792 silly ADD node_modules/envinfo
793 silly ADD node_modules/entities
794 silly ADD node_modules/enhanced-resolve
795 silly ADD node_modules/emojis-list
796 silly ADD node_modules/emoji-regex
797 silly ADD node_modules/electron-to-chromium
798 silly ADD node_modules/domutils
799 silly ADD node_modules/domhandler
800 silly ADD node_modules/domelementtype
801 silly ADD node_modules/dom-serializer
802 silly ADD node_modules/dom-converter
803 silly ADD node_modules/dom-accessibility-api
804 silly ADD node_modules/detect-libc
805 silly ADD node_modules/dequal
806 silly ADD node_modules/deep-eql
807 silly ADD node_modules/decimal.js
808 silly ADD node_modules/debug
809 silly ADD node_modules/data-urls
810 silly ADD node_modules/cssstyle
811 silly ADD node_modules/csso
812 silly ADD node_modules/csso/node_modules/mdn-data
813 silly ADD node_modules/csso/node_modules/css-tree
814 silly ADD node_modules/cssnano-utils
815 silly ADD node_modules/cssnano-preset-default
816 silly ADD node_modules/cssnano
817 silly ADD node_modules/cssesc
818 silly ADD node_modules/css.escape
819 silly ADD node_modules/css-what
820 silly ADD node_modules/css-tree
821 silly ADD node_modules/css-select
822 silly ADD node_modules/css-minimizer-webpack-plugin
823 silly ADD node_modules/css-loader
824 silly ADD node_modules/css-loader/node_modules/semver
825 silly ADD node_modules/css-declaration-sorter
826 silly ADD node_modules/cross-spawn
827 silly ADD node_modules/core-js-compat
828 silly ADD node_modules/core-js
829 silly ADD node_modules/convert-source-map
830 silly ADD node_modules/consola
831 silly ADD node_modules/commander
832 silly ADD node_modules/colorette
833 silly ADD node_modules/colord
834 silly ADD node_modules/color-name
835 silly ADD node_modules/color-convert
836 silly ADD node_modules/clone-deep
837 silly ADD node_modules/ci-info
838 silly ADD node_modules/chrome-trace-event
839 silly ADD node_modules/chokidar
840 silly ADD node_modules/check-error
841 silly ADD node_modules/chalk
842 silly ADD node_modules/chai
843 silly ADD node_modules/caniuse-lite
844 silly ADD node_modules/caniuse-api
845 silly ADD node_modules/cac
846 silly ADD node_modules/buffer-from
847 silly ADD node_modules/browserslist
848 silly ADD node_modules/bootstrap
849 silly ADD node_modules/boolbase
850 silly ADD node_modules/big.js
851 silly ADD node_modules/baseline-browser-mapping
852 silly ADD node_modules/babel-plugin-polyfill-regenerator
853 silly ADD node_modules/babel-plugin-polyfill-corejs3
854 silly ADD node_modules/babel-plugin-polyfill-corejs2
855 silly ADD node_modules/babel-loader
856 silly ADD node_modules/assertion-error
857 silly ADD node_modules/aria-query
858 silly ADD node_modules/ansi-styles
859 silly ADD node_modules/ansi-regex
860 silly ADD node_modules/ajv-keywords
861 silly ADD node_modules/ajv-formats
862 silly ADD node_modules/ajv
863 silly ADD node_modules/agent-base
864 silly ADD node_modules/adjust-sourcemap-loader
865 silly ADD node_modules/acorn-import-phases
866 silly ADD node_modules/acorn
867 silly ADD node_modules/@zackad/prettier-plugin-twig
868 silly ADD node_modules/@xtuc/long
869 silly ADD node_modules/@xtuc/ieee754
870 silly ADD node_modules/@webpack-cli/serve
871 silly ADD node_modules/@webpack-cli/info
872 silly ADD node_modules/@webpack-cli/configtest
873 silly ADD node_modules/@webassemblyjs/wast-printer
874 silly ADD node_modules/@webassemblyjs/wasm-parser
875 silly ADD node_modules/@webassemblyjs/wasm-opt
876 silly ADD node_modules/@webassemblyjs/wasm-gen
877 silly ADD node_modules/@webassemblyjs/wasm-edit
878 silly ADD node_modules/@webassemblyjs/utf8
879 silly ADD node_modules/@webassemblyjs/leb128
880 silly ADD node_modules/@webassemblyjs/ieee754
881 silly ADD node_modules/@webassemblyjs/helper-wasm-section
882 silly ADD node_modules/@webassemblyjs/helper-wasm-bytecode
883 silly ADD node_modules/@webassemblyjs/helper-numbers
884 silly ADD node_modules/@webassemblyjs/helper-buffer
885 silly ADD node_modules/@webassemblyjs/helper-api-error
886 silly ADD node_modules/@webassemblyjs/floating-point-hex-parser
887 silly ADD node_modules/@webassemblyjs/ast
888 silly ADD node_modules/@vitest/utils
889 silly ADD node_modules/@vitest/spy
890 silly ADD node_modules/@vitest/snapshot
891 silly ADD node_modules/@vitest/runner
892 silly ADD node_modules/@vitest/pretty-format
893 silly ADD node_modules/@vitest/mocker
894 silly ADD node_modules/@vitest/expect
895 silly ADD node_modules/@ungap/structured-clone
896 silly ADD node_modules/@types/yargs-parser
897 silly ADD node_modules/@types/yargs
898 silly ADD node_modules/@types/webpack-env
899 silly ADD node_modules/@types/node
900 silly ADD node_modules/@types/json-schema
901 silly ADD node_modules/@types/istanbul-reports
902 silly ADD node_modules/@types/istanbul-lib-report
903 silly ADD node_modules/@types/istanbul-lib-coverage
904 silly ADD node_modules/@types/hotwired__turbo
905 silly ADD node_modules/@types/estree
906 silly ADD node_modules/@types/eslint-scope
907 silly ADD node_modules/@types/eslint
908 silly ADD node_modules/@types/deep-eql
909 silly ADD node_modules/@types/chai
910 silly ADD node_modules/@types/aria-query
911 silly ADD node_modules/@testing-library/user-event
912 silly ADD node_modules/@testing-library/jest-dom
913 silly ADD node_modules/@testing-library/jest-dom/node_modules/dom-accessibility-api
914 silly ADD node_modules/@testing-library/dom
915 silly ADD node_modules/@symfony/webpack-encore
916 silly ADD node_modules/@symfony/webpack-encore/node_modules/semver
917 silly ADD node_modules/@symfony/stimulus-bridge
918 silly ADD node_modules/@sinclair/typebox
919 silly ADD node_modules/@rollup/rollup-linux-x64-musl
920 silly ADD node_modules/@rollup/rollup-linux-x64-gnu
921 silly ADD node_modules/@popperjs/core
922 silly ADD node_modules/@parcel/watcher-linux-x64-musl
923 silly ADD node_modules/@parcel/watcher-linux-x64-glibc
924 silly ADD node_modules/@parcel/watcher
925 silly ADD node_modules/@nuxt/friendly-errors-webpack-plugin
926 silly ADD node_modules/@jridgewell/trace-mapping
927 silly ADD node_modules/@jridgewell/sourcemap-codec
928 silly ADD node_modules/@jridgewell/source-map
929 silly ADD node_modules/@jridgewell/resolve-uri
930 silly ADD node_modules/@jridgewell/remapping
931 silly ADD node_modules/@jridgewell/gen-mapping
932 silly ADD node_modules/@jest/types
933 silly ADD node_modules/@jest/types/node_modules/supports-color
934 silly ADD node_modules/@jest/types/node_modules/has-flag
935 silly ADD node_modules/@jest/types/node_modules/color-name
936 silly ADD node_modules/@jest/types/node_modules/color-convert
937 silly ADD node_modules/@jest/types/node_modules/chalk
938 silly ADD node_modules/@jest/types/node_modules/ansi-styles
939 silly ADD node_modules/@jest/schemas
940 silly ADD node_modules/@jest/pattern
941 silly ADD node_modules/@hotwired/turbo
942 silly ADD node_modules/@hotwired/stimulus-webpack-helpers
943 silly ADD node_modules/@hotwired/stimulus
944 silly ADD node_modules/@esbuild/linux-x64
945 silly ADD node_modules/@discoveryjs/json-ext
946 silly ADD node_modules/@csstools/css-tokenizer
947 silly ADD node_modules/@csstools/css-parser-algorithms
948 silly ADD node_modules/@csstools/css-color-parser
949 silly ADD node_modules/@csstools/css-calc
950 silly ADD node_modules/@csstools/color-helpers
951 silly ADD node_modules/@babel/types
952 silly ADD node_modules/@babel/traverse
953 silly ADD node_modules/@babel/template
954 silly ADD node_modules/@babel/runtime
955 silly ADD node_modules/@babel/preset-modules
956 silly ADD node_modules/@babel/preset-env
957 silly ADD node_modules/@babel/plugin-transform-unicode-sets-regex
958 silly ADD node_modules/@babel/plugin-transform-unicode-regex
959 silly ADD node_modules/@babel/plugin-transform-unicode-property-regex
960 silly ADD node_modules/@babel/plugin-transform-unicode-escapes
961 silly ADD node_modules/@babel/plugin-transform-typeof-symbol
962 silly ADD node_modules/@babel/plugin-transform-template-literals
963 silly ADD node_modules/@babel/plugin-transform-sticky-regex
964 silly ADD node_modules/@babel/plugin-transform-spread
965 silly ADD node_modules/@babel/plugin-transform-shorthand-properties
966 silly ADD node_modules/@babel/plugin-transform-reserved-words
967 silly ADD node_modules/@babel/plugin-transform-regexp-modifiers
968 silly ADD node_modules/@babel/plugin-transform-regenerator
969 silly ADD node_modules/@babel/plugin-transform-property-literals
970 silly ADD node_modules/@babel/plugin-transform-private-property-in-object
971 silly ADD node_modules/@babel/plugin-transform-private-methods
972 silly ADD node_modules/@babel/plugin-transform-parameters
973 silly ADD node_modules/@babel/plugin-transform-optional-chaining
974 silly ADD node_modules/@babel/plugin-transform-optional-catch-binding
975 silly ADD node_modules/@babel/plugin-transform-object-super
976 silly ADD node_modules/@babel/plugin-transform-object-rest-spread
977 silly ADD node_modules/@babel/plugin-transform-numeric-separator
978 silly ADD node_modules/@babel/plugin-transform-nullish-coalescing-operator
979 silly ADD node_modules/@babel/plugin-transform-new-target
980 silly ADD node_modules/@babel/plugin-transform-named-capturing-groups-regex
981 silly ADD node_modules/@babel/plugin-transform-modules-umd
982 silly ADD node_modules/@babel/plugin-transform-modules-systemjs
983 silly ADD node_modules/@babel/plugin-transform-modules-commonjs
984 silly ADD node_modules/@babel/plugin-transform-modules-amd
985 silly ADD node_modules/@babel/plugin-transform-member-expression-literals
986 silly ADD node_modules/@babel/plugin-transform-logical-assignment-operators
987 silly ADD node_modules/@babel/plugin-transform-literals
988 silly ADD node_modules/@babel/plugin-transform-json-strings
989 silly ADD node_modules/@babel/plugin-transform-function-name
990 silly ADD node_modules/@babel/plugin-transform-for-of
991 silly ADD node_modules/@babel/plugin-transform-export-namespace-from
992 silly ADD node_modules/@babel/plugin-transform-exponentiation-operator
993 silly ADD node_modules/@babel/plugin-transform-explicit-resource-management
994 silly ADD node_modules/@babel/plugin-transform-dynamic-import
995 silly ADD node_modules/@babel/plugin-transform-duplicate-named-capturing-groups-regex
996 silly ADD node_modules/@babel/plugin-transform-duplicate-keys
997 silly ADD node_modules/@babel/plugin-transform-dotall-regex
998 silly ADD node_modules/@babel/plugin-transform-destructuring
999 silly ADD node_modules/@babel/plugin-transform-computed-properties
1000 silly ADD node_modules/@babel/plugin-transform-classes
1001 silly ADD node_modules/@babel/plugin-transform-class-static-block
1002 silly ADD node_modules/@babel/plugin-transform-class-properties
1003 silly ADD node_modules/@babel/plugin-transform-block-scoping
1004 silly ADD node_modules/@babel/plugin-transform-block-scoped-functions
1005 silly ADD node_modules/@babel/plugin-transform-async-to-generator
1006 silly ADD node_modules/@babel/plugin-transform-async-generator-functions
1007 silly ADD node_modules/@babel/plugin-transform-arrow-functions
1008 silly ADD node_modules/@babel/plugin-syntax-unicode-sets-regex
1009 silly ADD node_modules/@babel/plugin-syntax-import-attributes
1010 silly ADD node_modules/@babel/plugin-syntax-import-assertions
1011 silly ADD node_modules/@babel/plugin-proposal-private-property-in-object
1012 silly ADD node_modules/@babel/plugin-bugfix-v8-static-class-fields-redefine-readonly
1013 silly ADD node_modules/@babel/plugin-bugfix-v8-spread-parameters-in-optional-chaining
1014 silly ADD node_modules/@babel/plugin-bugfix-safari-id-destructuring-collision-in-function-expression
1015 silly ADD node_modules/@babel/plugin-bugfix-safari-class-field-initializer-scope
1016 silly ADD node_modules/@babel/plugin-bugfix-firefox-class-in-computed-class-key
1017 silly ADD node_modules/@babel/parser
1018 silly ADD node_modules/@babel/helpers
1019 silly ADD node_modules/@babel/helper-wrap-function
1020 silly ADD node_modules/@babel/helper-validator-option
1021 silly ADD node_modules/@babel/helper-validator-identifier
1022 silly ADD node_modules/@babel/helper-string-parser
1023 silly ADD node_modules/@babel/helper-skip-transparent-expression-wrappers
1024 silly ADD node_modules/@babel/helper-replace-supers
1025 silly ADD node_modules/@babel/helper-remap-async-to-generator
1026 silly ADD node_modules/@babel/helper-plugin-utils
1027 silly ADD node_modules/@babel/helper-optimise-call-expression
1028 silly ADD node_modules/@babel/helper-module-transforms
1029 silly ADD node_modules/@babel/helper-module-imports
1030 silly ADD node_modules/@babel/helper-member-expression-to-functions
1031 silly ADD node_modules/@babel/helper-globals
1032 silly ADD node_modules/@babel/helper-define-polyfill-provider
1033 silly ADD node_modules/@babel/helper-create-regexp-features-plugin
1034 silly ADD node_modules/@babel/helper-create-class-features-plugin
1035 silly ADD node_modules/@babel/helper-compilation-targets
1036 silly ADD node_modules/@babel/helper-annotate-as-pure
1037 silly ADD node_modules/@babel/generator
1038 silly ADD node_modules/@babel/core
1039 silly ADD node_modules/@babel/compat-data
1040 silly ADD node_modules/@babel/code-frame
1041 silly ADD node_modules/@asamuzakjp/css-color
1042 silly ADD node_modules/@asamuzakjp/css-color/node_modules/lru-cache
1043 silly ADD node_modules/@adobe/css-tools
1044 verbose cwd /var/www
1045 verbose os Linux 6.14.0-37-generic
1046 verbose node v24.13.0
1047 verbose npm  v11.6.3
1048 verbose exit 0
1049 info ok
