0 verbose cli /usr/bin/node /usr/bin/npm
1 info using npm@11.6.3
2 info using node@v24.13.0
3 silly config load:file:/usr/lib/node_modules/npm/npmrc
4 silly config load:file:/var/www/.npmrc
5 silly config load:file:/etc/npmrc
6 verbose title npm install
7 verbose argv "install"
8 verbose logfile logs-max:10 dir:/var/www/.npm/_logs/2026-02-03T10_16_09_040Z-
9 verbose logfile /var/www/.npm/_logs/2026-02-03T10_16_09_040Z-debug-0.log
10 silly logfile start cleaning logs, removing 1 files
11 silly packumentCache heap:4496293888 maxSize:1124073472 maxEntrySize:562036736
12 silly logfile done cleaning log files
13 silly idealTree buildDeps
14 silly placeDep ROOT @symfony/ux-turbo@2.31.0 OK for:  want: file:vendor/symfony/ux-turbo/assets
15 silly fetch manifest @testing-library/dom@^10.4.0
16 silly packumentCache full:https://registry.npmjs.org/@testing-library%2fdom cache-miss
17 verbose shrinkwrap failed to load node_modules/.package-lock.json missing from node_modules: vendor/symfony/ux-turbo/assets
18 http fetch GET 200 https://registry.npmjs.org/@testing-library%2fdom 202ms (cache revalidated)
19 silly packumentCache full:https://registry.npmjs.org/@testing-library%2fdom set size:1097547 disposed:false
20 silly fetch manifest @testing-library/jest-dom@^6.6.3
21 silly packumentCache full:https://registry.npmjs.org/@testing-library%2fjest-dom cache-miss
22 http fetch GET 200 https://registry.npmjs.org/@testing-library%2fjest-dom 52ms (cache revalidated)
23 silly packumentCache full:https://registry.npmjs.org/@testing-library%2fjest-dom set size:422156 disposed:false
24 silly fetch manifest @testing-library/user-event@^14.6.1
25 silly packumentCache full:https://registry.npmjs.org/@testing-library%2fuser-event cache-miss
26 http fetch GET 200 https://registry.npmjs.org/@testing-library%2fuser-event 50ms (cache revalidated)
27 silly packumentCache full:https://registry.npmjs.org/@testing-library%2fuser-event set size:853803 disposed:false
28 silly fetch manifest @types/hotwired__turbo@^8.0.4
29 silly packumentCache full:https://registry.npmjs.org/@types%2fhotwired__turbo cache-miss
30 http fetch GET 200 https://registry.npmjs.org/@types%2fhotwired__turbo 41ms (cache updated)
31 silly packumentCache full:https://registry.npmjs.org/@types%2fhotwired__turbo set size:undefined disposed:false
32 silly fetch manifest jsdom@^26.1.0
33 silly packumentCache full:https://registry.npmjs.org/jsdom cache-miss
34 http fetch GET 200 https://registry.npmjs.org/jsdom 57ms (cache updated)
35 silly packumentCache full:https://registry.npmjs.org/jsdom set size:undefined disposed:false
36 silly fetch manifest canvas@^3.0.0
37 silly packumentCache full:https://registry.npmjs.org/canvas cache-miss
38 http fetch GET 200 https://registry.npmjs.org/canvas 28ms (cache revalidated)
39 silly packumentCache full:https://registry.npmjs.org/canvas set size:366497 disposed:false
40 silly fetch manifest tslib@^2.8.1
41 silly packumentCache full:https://registry.npmjs.org/tslib cache-miss
42 http fetch GET 200 https://registry.npmjs.org/tslib 32ms (cache revalidated)
43 silly packumentCache full:https://registry.npmjs.org/tslib set size:108760 disposed:false
44 silly fetch manifest tsx@^4.20.3
45 silly packumentCache full:https://registry.npmjs.org/tsx cache-miss
46 http fetch GET 200 https://registry.npmjs.org/tsx 27ms (cache revalidated)
47 silly packumentCache full:https://registry.npmjs.org/tsx set size:289592 disposed:false
48 silly fetch manifest typescript@^5.8.3
49 silly packumentCache full:https://registry.npmjs.org/typescript cache-miss
50 http fetch GET 200 https://registry.npmjs.org/typescript 196ms (cache updated)
51 silly packumentCache full:https://registry.npmjs.org/typescript set size:undefined disposed:false
52 silly fetch manifest vitest@^3.2.4
53 silly packumentCache full:https://registry.npmjs.org/vitest cache-miss
54 http fetch GET 200 https://registry.npmjs.org/vitest 58ms (cache updated)
55 silly packumentCache full:https://registry.npmjs.org/vitest set size:undefined disposed:false
56 silly fetch manifest @edge-runtime/vm@*
57 silly packumentCache full:https://registry.npmjs.org/@edge-runtime%2fvm cache-miss
58 http fetch GET 200 https://registry.npmjs.org/@edge-runtime%2fvm 51ms (cache revalidated)
59 silly packumentCache full:https://registry.npmjs.org/@edge-runtime%2fvm set size:269934 disposed:false
60 silly fetch manifest @types/debug@^4.1.12
61 silly packumentCache full:https://registry.npmjs.org/@types%2fdebug cache-miss
62 http fetch GET 200 https://registry.npmjs.org/@types%2fdebug 45ms (cache revalidated)
63 silly packumentCache full:https://registry.npmjs.org/@types%2fdebug set size:51351 disposed:false
64 silly fetch manifest @types/node@^18.0.0 || ^20.0.0 || >=22.0.0
65 silly packumentCache full:https://registry.npmjs.org/@types%2fnode cache-miss
66 http fetch GET 200 https://registry.npmjs.org/@types%2fnode 350ms (cache updated)
67 silly packumentCache full:https://registry.npmjs.org/@types%2fnode set size:undefined disposed:false
68 silly fetch manifest @vitest/browser@3.2.4
69 silly packumentCache full:https://registry.npmjs.org/@vitest%2fbrowser cache-miss
70 http fetch GET 200 https://registry.npmjs.org/@vitest%2fbrowser 61ms (cache updated)
71 silly packumentCache full:https://registry.npmjs.org/@vitest%2fbrowser set size:undefined disposed:false
72 silly fetch manifest playwright@*
73 silly packumentCache full:https://registry.npmjs.org/playwright cache-miss
74 http fetch GET 200 https://registry.npmjs.org/playwright 249ms (cache updated)
75 silly packumentCache full:https://registry.npmjs.org/playwright set size:undefined disposed:false
76 silly fetch manifest webdriverio@^7.0.0 || ^8.0.0 || ^9.0.0
77 silly packumentCache full:https://registry.npmjs.org/webdriverio cache-miss
78 http fetch GET 200 https://registry.npmjs.org/webdriverio 65ms (cache updated)
79 silly packumentCache full:https://registry.npmjs.org/webdriverio set size:undefined disposed:false
80 silly fetch manifest puppeteer-core@>=22.x || <=24.x
81 silly packumentCache full:https://registry.npmjs.org/puppeteer-core cache-miss
82 http fetch GET 200 https://registry.npmjs.org/puppeteer-core 40ms (cache updated)
83 silly packumentCache full:https://registry.npmjs.org/puppeteer-core set size:undefined disposed:false
84 silly fetch manifest @vitest/ui@3.2.4
85 silly packumentCache full:https://registry.npmjs.org/@vitest%2fui cache-miss
86 http fetch GET 200 https://registry.npmjs.org/@vitest%2fui 58ms (cache updated)
87 silly packumentCache full:https://registry.npmjs.org/@vitest%2fui set size:undefined disposed:false
88 silly fetch manifest happy-dom@*
89 silly packumentCache full:https://registry.npmjs.org/happy-dom cache-miss
90 http fetch GET 200 https://registry.npmjs.org/happy-dom 56ms (cache updated)
91 silly packumentCache full:https://registry.npmjs.org/happy-dom set size:undefined disposed:false
92 silly placeDep ROOT @testing-library/dom@10.4.1 OK for: @symfony/ux-turbo@2.31.0 want: ^10.4.0
93 silly placeDep ROOT @testing-library/jest-dom@6.9.1 OK for: @symfony/ux-turbo@2.31.0 want: ^6.6.3
94 silly placeDep ROOT @testing-library/user-event@14.6.1 OK for: @symfony/ux-turbo@2.31.0 want: ^14.6.1
95 silly placeDep ROOT @types/hotwired__turbo@8.0.6 OK for: @symfony/ux-turbo@2.31.0 want: ^8.0.4
96 silly placeDep ROOT jsdom@26.1.0 OK for: @symfony/ux-turbo@2.31.0 want: ^26.1.0
97 silly placeDep ROOT tslib@2.8.1 OK for: @symfony/ux-turbo@2.31.0 want: ^2.8.1
98 silly placeDep ROOT tsx@4.21.0 OK for: @symfony/ux-turbo@2.31.0 want: ^4.20.3
99 silly placeDep ROOT typescript@5.9.3 OK for: @symfony/ux-turbo@2.31.0 want: ^5.8.3
100 silly placeDep ROOT vitest@3.2.4 OK for: @symfony/ux-turbo@2.31.0 want: ^3.2.4
101 silly fetch manifest lz-string@^1.5.0
102 silly packumentCache full:https://registry.npmjs.org/lz-string cache-miss
103 silly fetch manifest aria-query@5.3.0
104 silly packumentCache full:https://registry.npmjs.org/aria-query cache-miss
105 silly fetch manifest pretty-format@^27.0.2
106 silly packumentCache full:https://registry.npmjs.org/pretty-format cache-miss
107 silly fetch manifest @babel/runtime@^7.12.5
108 silly packumentCache full:https://registry.npmjs.org/@babel%2fruntime cache-miss
109 silly fetch manifest @types/aria-query@^5.0.1
110 silly packumentCache full:https://registry.npmjs.org/@types%2faria-query cache-miss
111 silly fetch manifest dom-accessibility-api@^0.5.9
112 silly packumentCache full:https://registry.npmjs.org/dom-accessibility-api cache-miss
113 silly fetch manifest redent@^3.0.0
114 silly packumentCache full:https://registry.npmjs.org/redent cache-miss
115 silly fetch manifest aria-query@^5.0.0
116 silly packumentCache full:https://registry.npmjs.org/aria-query cache-miss
117 silly fetch manifest css.escape@^1.5.1
118 silly packumentCache full:https://registry.npmjs.org/css.escape cache-miss
119 silly fetch manifest @adobe/css-tools@^4.4.0
120 silly packumentCache full:https://registry.npmjs.org/@adobe%2fcss-tools cache-miss
121 silly fetch manifest dom-accessibility-api@^0.6.3
122 silly packumentCache full:https://registry.npmjs.org/dom-accessibility-api cache-miss
123 silly fetch manifest ws@^8.18.0
124 silly packumentCache full:https://registry.npmjs.org/ws cache-miss
125 silly fetch manifest saxes@^6.0.0
126 silly packumentCache full:https://registry.npmjs.org/saxes cache-miss
127 silly fetch manifest nwsapi@^2.2.16
128 silly packumentCache full:https://registry.npmjs.org/nwsapi cache-miss
129 silly fetch manifest parse5@^7.2.1
130 silly packumentCache full:https://registry.npmjs.org/parse5 cache-miss
131 http fetch GET 200 https://registry.npmjs.org/aria-query 41ms (cache revalidated)
132 silly packumentCache full:https://registry.npmjs.org/aria-query set size:98864 disposed:false
133 silly fetch manifest cssstyle@^4.2.1
134 silly packumentCache full:https://registry.npmjs.org/cssstyle cache-miss
135 http fetch GET 200 https://registry.npmjs.org/cssstyle 36ms (cache revalidated)
136 silly packumentCache full:https://registry.npmjs.org/cssstyle set size:154071 disposed:false
137 silly fetch manifest data-urls@^5.0.0
138 silly packumentCache full:https://registry.npmjs.org/data-urls cache-miss
139 http fetch GET 200 https://registry.npmjs.org/aria-query 100ms (cache revalidated)
140 silly packumentCache full:https://registry.npmjs.org/aria-query set size:98864 disposed:false
141 silly packumentCache full:https://registry.npmjs.org/aria-query dispose
142 silly fetch manifest decimal.js@^10.5.0
143 silly packumentCache full:https://registry.npmjs.org/decimal.js cache-miss
144 http fetch GET 200 https://registry.npmjs.org/pretty-format 104ms (cache revalidated)
145 silly packumentCache full:https://registry.npmjs.org/pretty-format set size:591748 disposed:false
146 silly fetch manifest whatwg-url@^14.1.1
147 silly packumentCache full:https://registry.npmjs.org/whatwg-url cache-miss
148 http fetch GET 200 https://registry.npmjs.org/nwsapi 111ms (cache revalidated)
149 silly packumentCache full:https://registry.npmjs.org/nwsapi set size:90535 disposed:false
150 silly fetch manifest rrweb-cssom@^0.8.0
151 silly packumentCache full:https://registry.npmjs.org/rrweb-cssom cache-miss
152 http fetch GET 200 https://registry.npmjs.org/dom-accessibility-api 114ms (cache revalidated)
153 silly packumentCache full:https://registry.npmjs.org/dom-accessibility-api set size:175425 disposed:false
154 silly fetch manifest symbol-tree@^3.2.4
155 silly packumentCache full:https://registry.npmjs.org/symbol-tree cache-miss
156 http fetch GET 200 https://registry.npmjs.org/dom-accessibility-api 116ms (cache revalidated)
157 silly packumentCache full:https://registry.npmjs.org/dom-accessibility-api set size:175425 disposed:false
158 silly packumentCache full:https://registry.npmjs.org/dom-accessibility-api dispose
159 silly fetch manifest tough-cookie@^5.1.1
160 silly packumentCache full:https://registry.npmjs.org/tough-cookie cache-miss
161 http fetch GET 200 https://registry.npmjs.org/parse5 116ms (cache revalidated)
162 silly packumentCache full:https://registry.npmjs.org/parse5 set size:120809 disposed:false
163 silly fetch manifest whatwg-encoding@^3.1.1
164 silly packumentCache full:https://registry.npmjs.org/whatwg-encoding cache-miss
165 http fetch GET 200 https://registry.npmjs.org/css.escape 120ms (cache revalidated)
166 silly packumentCache full:https://registry.npmjs.org/css.escape set size:18160 disposed:false
167 silly fetch manifest whatwg-mimetype@^4.0.0
168 silly packumentCache full:https://registry.npmjs.org/whatwg-mimetype cache-miss
169 http fetch GET 200 https://registry.npmjs.org/saxes 120ms (cache revalidated)
170 silly packumentCache full:https://registry.npmjs.org/saxes set size:228593 disposed:false
171 silly fetch manifest http-proxy-agent@^7.0.2
172 silly packumentCache full:https://registry.npmjs.org/http-proxy-agent cache-miss
173 http fetch GET 200 https://registry.npmjs.org/ws 122ms (cache revalidated)
174 silly packumentCache full:https://registry.npmjs.org/ws set size:413307 disposed:false
175 silly fetch manifest https-proxy-agent@^7.0.6
176 silly packumentCache full:https://registry.npmjs.org/https-proxy-agent cache-miss
177 http fetch GET 200 https://registry.npmjs.org/@types%2faria-query 133ms (cache revalidated)
178 silly packumentCache full:https://registry.npmjs.org/@types%2faria-query set size:21095 disposed:false
179 silly fetch manifest w3c-xmlserializer@^5.0.0
180 silly packumentCache full:https://registry.npmjs.org/w3c-xmlserializer cache-miss
181 http fetch GET 200 https://registry.npmjs.org/redent 133ms (cache revalidated)
182 silly packumentCache full:https://registry.npmjs.org/redent set size:10478 disposed:false
183 silly fetch manifest webidl-conversions@^7.0.0
184 silly packumentCache full:https://registry.npmjs.org/webidl-conversions cache-miss
185 http fetch GET 200 https://registry.npmjs.org/lz-string 136ms (cache revalidated)
186 silly packumentCache full:https://registry.npmjs.org/lz-string set size:16381 disposed:false
187 silly fetch manifest xml-name-validator@^5.0.0
188 silly packumentCache full:https://registry.npmjs.org/xml-name-validator cache-miss
189 http fetch GET 200 https://registry.npmjs.org/@adobe%2fcss-tools 134ms (cache revalidated)
190 silly packumentCache full:https://registry.npmjs.org/@adobe%2fcss-tools set size:89295 disposed:false
191 silly fetch manifest html-encoding-sniffer@^4.0.0
192 silly packumentCache full:https://registry.npmjs.org/html-encoding-sniffer cache-miss
193 http fetch GET 200 https://registry.npmjs.org/data-urls 55ms (cache updated)
194 silly packumentCache full:https://registry.npmjs.org/data-urls set size:undefined disposed:false
195 silly fetch manifest is-potential-custom-element-name@^1.0.1
196 silly packumentCache full:https://registry.npmjs.org/is-potential-custom-element-name cache-miss
197 http fetch GET 200 https://registry.npmjs.org/decimal.js 55ms (cache revalidated)
198 silly packumentCache full:https://registry.npmjs.org/decimal.js set size:107790 disposed:false
199 silly fetch manifest esbuild@~0.27.0
200 silly packumentCache full:https://registry.npmjs.org/esbuild cache-miss
201 http fetch GET 200 https://registry.npmjs.org/rrweb-cssom 53ms (cache revalidated)
202 silly packumentCache full:https://registry.npmjs.org/rrweb-cssom set size:10104 disposed:false
203 silly fetch manifest get-tsconfig@^4.7.5
204 silly packumentCache full:https://registry.npmjs.org/get-tsconfig cache-miss
205 http fetch GET 200 https://registry.npmjs.org/symbol-tree 58ms (cache revalidated)
206 silly packumentCache full:https://registry.npmjs.org/symbol-tree set size:60614 disposed:false
207 silly fetch manifest fsevents@~2.3.3
208 silly packumentCache full:https://registry.npmjs.org/fsevents cache-miss
209 http fetch GET 200 https://registry.npmjs.org/tough-cookie 58ms (cache revalidated)
210 silly packumentCache full:https://registry.npmjs.org/tough-cookie set size:145095 disposed:false
211 silly fetch manifest chai@^5.2.0
212 silly packumentCache full:https://registry.npmjs.org/chai cache-miss
213 http fetch GET 200 https://registry.npmjs.org/whatwg-mimetype 60ms (cache updated)
214 silly packumentCache full:https://registry.npmjs.org/whatwg-mimetype set size:undefined disposed:false
215 silly fetch manifest vite@^5.0.0 || ^6.0.0 || ^7.0.0-0
216 silly packumentCache full:https://registry.npmjs.org/vite cache-miss
217 http fetch GET 200 https://registry.npmjs.org/http-proxy-agent 60ms (cache revalidated)
218 silly packumentCache full:https://registry.npmjs.org/http-proxy-agent set size:50096 disposed:false
219 silly fetch manifest pathe@^2.0.3
220 silly packumentCache full:https://registry.npmjs.org/pathe cache-miss
221 http fetch GET 200 https://registry.npmjs.org/w3c-xmlserializer 50ms (cache revalidated)
222 silly packumentCache full:https://registry.npmjs.org/w3c-xmlserializer set size:36375 disposed:false
223 silly fetch manifest std-env@^3.9.0
224 silly packumentCache full:https://registry.npmjs.org/std-env cache-miss
225 http fetch GET 200 https://registry.npmjs.org/whatwg-encoding 64ms (cache revalidated)
226 silly packumentCache full:https://registry.npmjs.org/whatwg-encoding set size:25704 disposed:false
227 silly fetch manifest tinyexec@^0.3.2
228 silly packumentCache full:https://registry.npmjs.org/tinyexec cache-miss
229 http fetch GET 200 https://registry.npmjs.org/is-potential-custom-element-name 49ms (cache revalidated)
230 silly packumentCache full:https://registry.npmjs.org/is-potential-custom-element-name set size:6810 disposed:false
231 silly fetch manifest tinypool@^1.1.1
232 silly packumentCache full:https://registry.npmjs.org/tinypool cache-miss
233 http fetch GET 200 https://registry.npmjs.org/xml-name-validator 52ms (cache revalidated)
234 silly packumentCache full:https://registry.npmjs.org/xml-name-validator set size:11085 disposed:false
235 silly fetch manifest tinybench@^2.9.0
236 silly packumentCache full:https://registry.npmjs.org/tinybench cache-miss
237 http fetch GET 200 https://registry.npmjs.org/https-proxy-agent 62ms (cache revalidated)
238 silly packumentCache full:https://registry.npmjs.org/https-proxy-agent set size:76241 disposed:false
239 silly fetch manifest vite-node@3.2.4
240 silly packumentCache full:https://registry.npmjs.org/vite-node cache-miss
241 http fetch GET 200 https://registry.npmjs.org/webidl-conversions 57ms (cache revalidated)
242 silly packumentCache full:https://registry.npmjs.org/webidl-conversions set size:46073 disposed:false
243 silly fetch manifest tinyglobby@^0.2.14
244 silly packumentCache full:https://registry.npmjs.org/tinyglobby cache-miss
245 http fetch GET 200 https://registry.npmjs.org/html-encoding-sniffer 59ms (cache revalidated)
246 silly packumentCache full:https://registry.npmjs.org/html-encoding-sniffer set size:23370 disposed:false
247 silly fetch manifest @types/chai@^5.2.2
248 silly packumentCache full:https://registry.npmjs.org/@types%2fchai cache-miss
249 http fetch GET 200 https://registry.npmjs.org/whatwg-url 90ms (cache updated)
250 silly packumentCache full:https://registry.npmjs.org/whatwg-url set size:undefined disposed:false
251 silly fetch manifest @vitest/spy@3.2.4
252 silly packumentCache full:https://registry.npmjs.org/@vitest%2fspy cache-miss
253 http fetch GET 200 https://registry.npmjs.org/esbuild 43ms (cache revalidated)
254 silly packumentCache full:https://registry.npmjs.org/esbuild set size:1239695 disposed:false
255 silly fetch manifest expect-type@^1.2.1
256 silly packumentCache full:https://registry.npmjs.org/expect-type cache-miss
257 http fetch GET 200 https://registry.npmjs.org/@babel%2fruntime 219ms (cache updated)
258 silly packumentCache full:https://registry.npmjs.org/@babel%2fruntime set size:undefined disposed:false
259 silly fetch manifest tinyrainbow@^2.0.0
260 silly packumentCache full:https://registry.npmjs.org/tinyrainbow cache-miss
261 http fetch GET 200 https://registry.npmjs.org/tinyexec 55ms (cache revalidated)
262 silly packumentCache full:https://registry.npmjs.org/tinyexec set size:38584 disposed:false
263 silly fetch manifest magic-string@^0.30.17
264 silly packumentCache full:https://registry.npmjs.org/magic-string cache-miss
265 http fetch GET 200 https://registry.npmjs.org/pathe 58ms (cache revalidated)
266 silly packumentCache full:https://registry.npmjs.org/pathe set size:68788 disposed:false
267 silly fetch manifest @vitest/utils@3.2.4
268 silly packumentCache full:https://registry.npmjs.org/@vitest%2futils cache-miss
269 http fetch GET 200 https://registry.npmjs.org/fsevents 67ms (cache revalidated)
270 silly packumentCache full:https://registry.npmjs.org/fsevents set size:182472 disposed:false
271 silly fetch manifest @vitest/expect@3.2.4
272 silly packumentCache full:https://registry.npmjs.org/@vitest%2fexpect cache-miss
273 http fetch GET 200 https://registry.npmjs.org/chai 67ms (cache revalidated)
274 silly packumentCache full:https://registry.npmjs.org/chai set size:232540 disposed:false
275 silly fetch manifest @vitest/mocker@3.2.4
276 silly packumentCache full:https://registry.npmjs.org/@vitest%2fmocker cache-miss
277 http fetch GET 200 https://registry.npmjs.org/get-tsconfig 84ms (cache updated)
278 silly packumentCache full:https://registry.npmjs.org/get-tsconfig set size:undefined disposed:false
279 silly fetch manifest @vitest/runner@3.2.4
280 silly packumentCache full:https://registry.npmjs.org/@vitest%2frunner cache-miss
281 http fetch GET 200 https://registry.npmjs.org/tinypool 73ms (cache revalidated)
282 silly packumentCache full:https://registry.npmjs.org/tinypool set size:90796 disposed:false
283 silly fetch manifest @vitest/snapshot@3.2.4
284 silly packumentCache full:https://registry.npmjs.org/@vitest%2fsnapshot cache-miss
285 http fetch GET 200 https://registry.npmjs.org/std-env 77ms (cache revalidated)
286 silly packumentCache full:https://registry.npmjs.org/std-env set size:81342 disposed:false
287 silly fetch manifest why-is-node-running@^2.3.0
288 silly packumentCache full:https://registry.npmjs.org/why-is-node-running cache-miss
289 http fetch GET 200 https://registry.npmjs.org/expect-type 53ms (cache revalidated)
290 silly packumentCache full:https://registry.npmjs.org/expect-type set size:185336 disposed:false
291 silly fetch manifest @vitest/pretty-format@^3.2.4
292 silly packumentCache full:https://registry.npmjs.org/@vitest%2fpretty-format cache-miss
293 http fetch GET 200 https://registry.npmjs.org/tinyglobby 72ms (cache revalidated)
294 silly packumentCache full:https://registry.npmjs.org/tinyglobby set size:49812 disposed:false
295 http fetch GET 200 https://registry.npmjs.org/tinybench 78ms (cache revalidated)
296 silly packumentCache full:https://registry.npmjs.org/tinybench set size:156830 disposed:false
297 http fetch GET 200 https://registry.npmjs.org/@types%2fchai 80ms (cache revalidated)
298 silly packumentCache full:https://registry.npmjs.org/@types%2fchai set size:226260 disposed:false
299 http fetch GET 200 https://registry.npmjs.org/tinyrainbow 50ms (cache revalidated)
300 silly packumentCache full:https://registry.npmjs.org/tinyrainbow set size:22192 disposed:false
301 http fetch GET 200 https://registry.npmjs.org/@vitest%2fspy 89ms (cache updated)
302 silly packumentCache full:https://registry.npmjs.org/@vitest%2fspy set size:undefined disposed:false
303 http fetch GET 200 https://registry.npmjs.org/vite-node 113ms (cache updated)
304 silly packumentCache full:https://registry.npmjs.org/vite-node set size:undefined disposed:false
305 http fetch GET 200 https://registry.npmjs.org/why-is-node-running 53ms (cache revalidated)
306 silly packumentCache full:https://registry.npmjs.org/why-is-node-running set size:50482 disposed:false
307 http fetch GET 200 https://registry.npmjs.org/magic-string 75ms (cache revalidated)
308 silly packumentCache full:https://registry.npmjs.org/magic-string set size:331817 disposed:false
309 http fetch GET 200 https://registry.npmjs.org/@vitest%2futils 87ms (cache updated)
310 silly packumentCache full:https://registry.npmjs.org/@vitest%2futils set size:undefined disposed:false
311 http fetch GET 200 https://registry.npmjs.org/@vitest%2fsnapshot 72ms (cache updated)
312 silly packumentCache full:https://registry.npmjs.org/@vitest%2fsnapshot set size:undefined disposed:false
313 http fetch GET 200 https://registry.npmjs.org/@vitest%2fmocker 92ms (cache updated)
314 silly packumentCache full:https://registry.npmjs.org/@vitest%2fmocker set size:undefined disposed:false
315 http fetch GET 200 https://registry.npmjs.org/@vitest%2fpretty-format 87ms (cache updated)
316 silly packumentCache full:https://registry.npmjs.org/@vitest%2fpretty-format set size:undefined disposed:false
317 http fetch GET 200 https://registry.npmjs.org/@vitest%2fexpect 271ms (cache updated)
318 silly packumentCache full:https://registry.npmjs.org/@vitest%2fexpect set size:undefined disposed:false
319 http fetch GET 200 https://registry.npmjs.org/@vitest%2frunner 336ms (cache updated)
320 silly packumentCache full:https://registry.npmjs.org/@vitest%2frunner set size:undefined disposed:false
321 http fetch GET 200 https://registry.npmjs.org/vite 881ms (cache updated)
322 silly packumentCache full:https://registry.npmjs.org/vite set size:undefined disposed:false
323 silly placeDep ROOT @babel/runtime@7.28.6 OK for: @testing-library/dom@10.4.1 want: ^7.12.5
324 silly placeDep ROOT @types/aria-query@5.0.4 OK for: @testing-library/dom@10.4.1 want: ^5.0.1
325 silly placeDep ROOT aria-query@5.3.0 OK for: @testing-library/dom@10.4.1 want: 5.3.0
326 silly placeDep ROOT dom-accessibility-api@0.5.16 OK for: @testing-library/dom@10.4.1 want: ^0.5.9
327 silly placeDep ROOT lz-string@1.5.0 OK for: @testing-library/dom@10.4.1 want: ^1.5.0
328 silly placeDep ROOT pretty-format@27.5.1 OK for: @testing-library/dom@10.4.1 want: ^27.0.2
329 silly fetch manifest dequal@^2.0.3
330 silly packumentCache full:https://registry.npmjs.org/dequal cache-miss
331 silly fetch manifest react-is@^17.0.1
332 silly packumentCache full:https://registry.npmjs.org/react-is cache-miss
333 silly fetch manifest ansi-styles@^5.0.0
334 silly packumentCache full:https://registry.npmjs.org/ansi-styles cache-miss
335 http fetch GET 200 https://registry.npmjs.org/dequal 37ms (cache revalidated)
336 silly packumentCache full:https://registry.npmjs.org/dequal set size:24037 disposed:false
337 http fetch GET 200 https://registry.npmjs.org/ansi-styles 45ms (cache revalidated)
338 silly packumentCache full:https://registry.npmjs.org/ansi-styles set size:63233 disposed:false
339 http fetch GET 200 https://registry.npmjs.org/react-is 129ms (cache updated)
340 silly packumentCache full:https://registry.npmjs.org/react-is set size:undefined disposed:false
341 silly placeDep ROOT @adobe/css-tools@4.4.4 OK for: @testing-library/jest-dom@6.9.1 want: ^4.4.0
342 silly placeDep ROOT css.escape@1.5.1 OK for: @testing-library/jest-dom@6.9.1 want: ^1.5.1
343 silly placeDep node_modules/@testing-library/jest-dom dom-accessibility-api@0.6.3 OK for: @testing-library/jest-dom@6.9.1 want: ^0.6.3
344 silly placeDep ROOT redent@3.0.0 OK for: @testing-library/jest-dom@6.9.1 want: ^3.0.0
345 silly fetch manifest indent-string@^4.0.0
346 silly packumentCache full:https://registry.npmjs.org/indent-string cache-miss
347 silly fetch manifest strip-indent@^3.0.0
348 silly packumentCache full:https://registry.npmjs.org/strip-indent cache-miss
349 http fetch GET 200 https://registry.npmjs.org/strip-indent 31ms (cache revalidated)
350 silly packumentCache full:https://registry.npmjs.org/strip-indent set size:21841 disposed:false
351 http fetch GET 200 https://registry.npmjs.org/indent-string 55ms (cache revalidated)
352 silly packumentCache full:https://registry.npmjs.org/indent-string set size:28547 disposed:false
353 silly placeDep ROOT dequal@2.0.3 OK for: aria-query@5.3.0 want: ^2.0.3
354 silly fetch manifest bufferutil@^4.0.1
355 silly packumentCache full:https://registry.npmjs.org/bufferutil cache-miss
356 http fetch GET 200 https://registry.npmjs.org/bufferutil 56ms (cache revalidated)
357 silly packumentCache full:https://registry.npmjs.org/bufferutil set size:52763 disposed:false
358 silly fetch manifest utf-8-validate@>=5.0.2
359 silly packumentCache full:https://registry.npmjs.org/utf-8-validate cache-miss
360 http fetch GET 200 https://registry.npmjs.org/utf-8-validate 29ms (cache revalidated)
361 silly packumentCache full:https://registry.npmjs.org/utf-8-validate set size:77148 disposed:false
362 silly placeDep ROOT cssstyle@4.6.0 OK for: jsdom@26.1.0 want: ^4.2.1
363 silly placeDep ROOT data-urls@5.0.0 OK for: jsdom@26.1.0 want: ^5.0.0
364 silly placeDep ROOT decimal.js@10.6.0 OK for: jsdom@26.1.0 want: ^10.5.0
365 silly placeDep ROOT html-encoding-sniffer@4.0.0 OK for: jsdom@26.1.0 want: ^4.0.0
366 silly placeDep ROOT http-proxy-agent@7.0.2 OK for: jsdom@26.1.0 want: ^7.0.2
367 silly placeDep ROOT https-proxy-agent@7.0.6 OK for: jsdom@26.1.0 want: ^7.0.6
368 silly placeDep ROOT is-potential-custom-element-name@1.0.1 OK for: jsdom@26.1.0 want: ^1.0.1
369 silly placeDep ROOT nwsapi@2.2.23 OK for: jsdom@26.1.0 want: ^2.2.16
370 silly placeDep ROOT parse5@7.3.0 OK for: jsdom@26.1.0 want: ^7.2.1
371 silly placeDep ROOT rrweb-cssom@0.8.0 OK for: jsdom@26.1.0 want: ^0.8.0
372 silly placeDep ROOT saxes@6.0.0 OK for: jsdom@26.1.0 want: ^6.0.0
373 silly placeDep ROOT symbol-tree@3.2.4 OK for: jsdom@26.1.0 want: ^3.2.4
374 silly placeDep ROOT tough-cookie@5.1.2 OK for: jsdom@26.1.0 want: ^5.1.1
375 silly placeDep ROOT w3c-xmlserializer@5.0.0 OK for: jsdom@26.1.0 want: ^5.0.0
376 silly placeDep ROOT webidl-conversions@7.0.0 OK for: jsdom@26.1.0 want: ^7.0.0
377 silly placeDep ROOT whatwg-encoding@3.1.1 OK for: jsdom@26.1.0 want: ^3.1.1
378 silly placeDep ROOT whatwg-mimetype@4.0.0 OK for: jsdom@26.1.0 want: ^4.0.0
379 silly placeDep ROOT whatwg-url@14.2.0 OK for: jsdom@26.1.0 want: ^14.1.1
380 silly placeDep ROOT ws@8.19.0 OK for: jsdom@26.1.0 want: ^8.18.0
381 silly placeDep ROOT xml-name-validator@5.0.0 OK for: jsdom@26.1.0 want: ^5.0.0
382 silly fetch manifest @asamuzakjp/css-color@^3.2.0
383 silly packumentCache full:https://registry.npmjs.org/@asamuzakjp%2fcss-color cache-miss
384 silly fetch manifest whatwg-url@^14.0.0
385 silly packumentCache full:https://registry.npmjs.org/whatwg-url cache-miss
386 silly fetch manifest agent-base@^7.1.0
387 silly packumentCache full:https://registry.npmjs.org/agent-base cache-miss
388 silly fetch manifest agent-base@^7.1.2
389 silly packumentCache full:https://registry.npmjs.org/agent-base cache-miss
390 silly fetch manifest entities@^6.0.0
391 silly packumentCache full:https://registry.npmjs.org/entities cache-miss
392 silly fetch manifest xmlchars@^2.2.0
393 silly packumentCache full:https://registry.npmjs.org/xmlchars cache-miss
394 silly fetch manifest tldts@^6.1.32
395 silly packumentCache full:https://registry.npmjs.org/tldts cache-miss
396 silly fetch manifest iconv-lite@0.6.3
397 silly packumentCache full:https://registry.npmjs.org/iconv-lite cache-miss
398 silly fetch manifest tr46@^5.1.0
399 silly packumentCache full:https://registry.npmjs.org/tr46 cache-miss
400 http cache https://registry.npmjs.org/whatwg-url 9ms (cache hit)
401 silly packumentCache full:https://registry.npmjs.org/whatwg-url set size:168036 disposed:false
402 http fetch GET 200 https://registry.npmjs.org/agent-base 36ms (cache revalidated)
403 silly packumentCache full:https://registry.npmjs.org/agent-base set size:67460 disposed:false
404 http fetch GET 200 https://registry.npmjs.org/iconv-lite 39ms (cache revalidated)
405 silly packumentCache full:https://registry.npmjs.org/iconv-lite set size:120557 disposed:false
406 http fetch GET 200 https://registry.npmjs.org/xmlchars 41ms (cache revalidated)
407 silly packumentCache full:https://registry.npmjs.org/xmlchars set size:33578 disposed:false
408 http fetch GET 200 https://registry.npmjs.org/tr46 43ms (cache revalidated)
409 silly packumentCache full:https://registry.npmjs.org/tr46 set size:47377 disposed:false
410 http fetch GET 200 https://registry.npmjs.org/agent-base 45ms (cache revalidated)
411 silly packumentCache full:https://registry.npmjs.org/agent-base set size:67460 disposed:false
412 silly packumentCache full:https://registry.npmjs.org/agent-base dispose
413 http fetch GET 200 https://registry.npmjs.org/entities 49ms (cache updated)
414 silly packumentCache full:https://registry.npmjs.org/entities set size:undefined disposed:false
415 http fetch GET 200 https://registry.npmjs.org/tldts 99ms (cache updated)
416 silly packumentCache full:https://registry.npmjs.org/tldts set size:undefined disposed:false
417 http fetch GET 200 https://registry.npmjs.org/@asamuzakjp%2fcss-color 207ms (cache revalidated)
418 silly packumentCache full:https://registry.npmjs.org/@asamuzakjp%2fcss-color set size:163648 disposed:false
419 silly placeDep ROOT @asamuzakjp/css-color@3.2.0 OK for: cssstyle@4.6.0 want: ^3.2.0
420 silly fetch manifest lru-cache@^10.4.3
421 silly packumentCache full:https://registry.npmjs.org/lru-cache cache-miss
422 silly fetch manifest @csstools/css-calc@^2.1.3
423 silly packumentCache full:https://registry.npmjs.org/@csstools%2fcss-calc cache-miss
424 silly fetch manifest @csstools/css-tokenizer@^3.0.3
425 silly packumentCache full:https://registry.npmjs.org/@csstools%2fcss-tokenizer cache-miss
426 silly fetch manifest @csstools/css-color-parser@^3.0.9
427 silly packumentCache full:https://registry.npmjs.org/@csstools%2fcss-color-parser cache-miss
428 silly fetch manifest @csstools/css-parser-algorithms@^3.0.4
429 silly packumentCache full:https://registry.npmjs.org/@csstools%2fcss-parser-algorithms cache-miss
430 http fetch GET 200 https://registry.npmjs.org/@csstools%2fcss-parser-algorithms 45ms (cache revalidated)
431 silly packumentCache full:https://registry.npmjs.org/@csstools%2fcss-parser-algorithms set size:66140 disposed:false
432 http fetch GET 200 https://registry.npmjs.org/@csstools%2fcss-tokenizer 52ms (cache revalidated)
433 silly packumentCache full:https://registry.npmjs.org/@csstools%2fcss-tokenizer set size:61164 disposed:false
434 http fetch GET 200 https://registry.npmjs.org/@csstools%2fcss-color-parser 53ms (cache updated)
435 silly packumentCache full:https://registry.npmjs.org/@csstools%2fcss-color-parser set size:undefined disposed:false
436 http fetch GET 200 https://registry.npmjs.org/lru-cache 58ms (cache updated)
437 silly packumentCache full:https://registry.npmjs.org/lru-cache set size:undefined disposed:false
438 http fetch GET 200 https://registry.npmjs.org/@csstools%2fcss-calc 94ms (cache revalidated)
439 silly packumentCache full:https://registry.npmjs.org/@csstools%2fcss-calc set size:66190 disposed:false
440 silly placeDep ROOT @csstools/css-calc@2.1.4 OK for: @asamuzakjp/css-color@3.2.0 want: ^2.1.3
441 silly placeDep ROOT @csstools/css-tokenizer@3.0.4 OK for: @csstools/css-calc@2.1.4 want: ^3.0.4
442 silly placeDep ROOT @csstools/css-parser-algorithms@3.0.5 OK for: @csstools/css-calc@2.1.4 want: ^3.0.5
443 silly placeDep ROOT @csstools/css-color-parser@3.1.0 OK for: @asamuzakjp/css-color@3.2.0 want: ^3.0.9
444 silly placeDep node_modules/@asamuzakjp/css-color lru-cache@10.4.3 OK for: @asamuzakjp/css-color@3.2.0 want: ^10.4.3
445 silly fetch manifest @csstools/color-helpers@^5.1.0
446 silly packumentCache full:https://registry.npmjs.org/@csstools%2fcolor-helpers cache-miss
447 http fetch GET 200 https://registry.npmjs.org/@csstools%2fcolor-helpers 271ms (cache updated)
448 silly packumentCache full:https://registry.npmjs.org/@csstools%2fcolor-helpers set size:undefined disposed:false
449 silly placeDep ROOT @csstools/color-helpers@5.1.0 OK for: @csstools/css-color-parser@3.1.0 want: ^5.1.0
450 silly placeDep ROOT agent-base@7.1.4 OK for: http-proxy-agent@7.0.2 want: ^7.1.0
451 silly placeDep node_modules/parse5 entities@6.0.1 OK for: parse5@7.3.0 want: ^6.0.0
452 silly placeDep node_modules/pretty-format ansi-styles@5.2.0 OK for: pretty-format@27.5.1 want: ^5.0.0
453 silly placeDep ROOT react-is@17.0.2 OK for: pretty-format@27.5.1 want: ^17.0.1
454 silly placeDep ROOT indent-string@4.0.0 OK for: redent@3.0.0 want: ^4.0.0
455 silly placeDep ROOT strip-indent@3.0.0 OK for: redent@3.0.0 want: ^3.0.0
456 silly fetch manifest min-indent@^1.0.0
457 silly packumentCache full:https://registry.npmjs.org/min-indent cache-miss
458 http fetch GET 200 https://registry.npmjs.org/min-indent 32ms (cache revalidated)
459 silly packumentCache full:https://registry.npmjs.org/min-indent set size:6021 disposed:false
460 silly placeDep ROOT xmlchars@2.2.0 OK for: saxes@6.0.0 want: ^2.2.0
461 silly placeDep ROOT min-indent@1.0.1 OK for: strip-indent@3.0.0 want: ^1.0.0
462 silly placeDep ROOT tldts@6.1.86 OK for: tough-cookie@5.1.2 want: ^6.1.32
463 silly fetch manifest tldts-core@^6.1.86
464 silly packumentCache full:https://registry.npmjs.org/tldts-core cache-miss
465 http fetch GET 200 https://registry.npmjs.org/tldts-core 102ms (cache updated)
466 silly packumentCache full:https://registry.npmjs.org/tldts-core set size:undefined disposed:false
467 silly placeDep ROOT tldts-core@6.1.86 OK for: tldts@6.1.86 want: ^6.1.86
468 silly placeDep ROOT esbuild@0.27.2 OK for: tsx@4.21.0 want: ~0.27.0
469 silly placeDep ROOT fsevents@2.3.3 OK for: tsx@4.21.0 want: ~2.3.3
470 silly placeDep ROOT get-tsconfig@4.13.1 OK for: tsx@4.21.0 want: ^4.7.5
471 silly fetch manifest @esbuild/aix-ppc64@0.27.2
472 silly packumentCache full:https://registry.npmjs.org/@esbuild%2faix-ppc64 cache-miss
473 silly fetch manifest @esbuild/android-arm@0.27.2
474 silly packumentCache full:https://registry.npmjs.org/@esbuild%2fandroid-arm cache-miss
475 silly fetch manifest @esbuild/android-arm64@0.27.2
476 silly packumentCache full:https://registry.npmjs.org/@esbuild%2fandroid-arm64 cache-miss
477 silly fetch manifest @esbuild/android-x64@0.27.2
478 silly packumentCache full:https://registry.npmjs.org/@esbuild%2fandroid-x64 cache-miss
479 silly fetch manifest @esbuild/darwin-arm64@0.27.2
480 silly packumentCache full:https://registry.npmjs.org/@esbuild%2fdarwin-arm64 cache-miss
481 silly fetch manifest @esbuild/darwin-x64@0.27.2
482 silly packumentCache full:https://registry.npmjs.org/@esbuild%2fdarwin-x64 cache-miss
483 silly fetch manifest @esbuild/freebsd-arm64@0.27.2
484 silly packumentCache full:https://registry.npmjs.org/@esbuild%2ffreebsd-arm64 cache-miss
485 silly fetch manifest @esbuild/freebsd-x64@0.27.2
486 silly packumentCache full:https://registry.npmjs.org/@esbuild%2ffreebsd-x64 cache-miss
487 silly fetch manifest @esbuild/linux-arm@0.27.2
488 silly packumentCache full:https://registry.npmjs.org/@esbuild%2flinux-arm cache-miss
489 silly fetch manifest @esbuild/linux-arm64@0.27.2
490 silly packumentCache full:https://registry.npmjs.org/@esbuild%2flinux-arm64 cache-miss
491 silly fetch manifest @esbuild/linux-ia32@0.27.2
492 silly packumentCache full:https://registry.npmjs.org/@esbuild%2flinux-ia32 cache-miss
493 silly fetch manifest @esbuild/linux-loong64@0.27.2
494 silly packumentCache full:https://registry.npmjs.org/@esbuild%2flinux-loong64 cache-miss
495 silly fetch manifest @esbuild/linux-mips64el@0.27.2
496 silly packumentCache full:https://registry.npmjs.org/@esbuild%2flinux-mips64el cache-miss
497 silly fetch manifest @esbuild/linux-ppc64@0.27.2
498 silly packumentCache full:https://registry.npmjs.org/@esbuild%2flinux-ppc64 cache-miss
499 silly fetch manifest @esbuild/linux-riscv64@0.27.2
500 silly packumentCache full:https://registry.npmjs.org/@esbuild%2flinux-riscv64 cache-miss
501 http fetch GET 200 https://registry.npmjs.org/@esbuild%2ffreebsd-arm64 49ms (cache revalidated)
502 silly packumentCache full:https://registry.npmjs.org/@esbuild%2ffreebsd-arm64 set size:188766 disposed:false
503 silly fetch manifest @esbuild/linux-s390x@0.27.2
504 silly packumentCache full:https://registry.npmjs.org/@esbuild%2flinux-s390x cache-miss
505 http fetch GET 200 https://registry.npmjs.org/@esbuild%2flinux-arm64 50ms (cache revalidated)
506 silly packumentCache full:https://registry.npmjs.org/@esbuild%2flinux-arm64 set size:187283 disposed:false
507 silly fetch manifest @esbuild/linux-x64@0.27.2
508 silly packumentCache full:https://registry.npmjs.org/@esbuild%2flinux-x64 cache-miss
509 http fetch GET 200 https://registry.npmjs.org/@esbuild%2faix-ppc64 59ms (cache revalidated)
510 silly packumentCache full:https://registry.npmjs.org/@esbuild%2faix-ppc64 set size:54372 disposed:false
511 silly fetch manifest @esbuild/netbsd-arm64@0.27.2
512 silly packumentCache full:https://registry.npmjs.org/@esbuild%2fnetbsd-arm64 cache-miss
513 http fetch GET 200 https://registry.npmjs.org/@esbuild%2fandroid-x64 59ms (cache revalidated)
514 silly packumentCache full:https://registry.npmjs.org/@esbuild%2fandroid-x64 set size:185657 disposed:false
515 silly fetch manifest @esbuild/netbsd-x64@0.27.2
516 silly packumentCache full:https://registry.npmjs.org/@esbuild%2fnetbsd-x64 cache-miss
517 http fetch GET 200 https://registry.npmjs.org/@esbuild%2fdarwin-arm64 61ms (cache revalidated)
518 silly packumentCache full:https://registry.npmjs.org/@esbuild%2fdarwin-arm64 set size:187924 disposed:false
519 silly fetch manifest @esbuild/openbsd-arm64@0.27.2
520 silly packumentCache full:https://registry.npmjs.org/@esbuild%2fopenbsd-arm64 cache-miss
521 http fetch GET 200 https://registry.npmjs.org/@esbuild%2flinux-loong64 61ms (cache revalidated)
522 silly packumentCache full:https://registry.npmjs.org/@esbuild%2flinux-loong64 set size:242096 disposed:false
523 silly fetch manifest @esbuild/openbsd-x64@0.27.2
524 silly packumentCache full:https://registry.npmjs.org/@esbuild%2fopenbsd-x64 cache-miss
525 http fetch GET 200 https://registry.npmjs.org/@esbuild%2fdarwin-x64 64ms (cache revalidated)
526 silly packumentCache full:https://registry.npmjs.org/@esbuild%2fdarwin-x64 set size:186270 disposed:false
527 silly fetch manifest @esbuild/openharmony-arm64@0.27.2
528 silly packumentCache full:https://registry.npmjs.org/@esbuild%2fopenharmony-arm64 cache-miss
529 http fetch GET 200 https://registry.npmjs.org/@esbuild%2fandroid-arm 67ms (cache revalidated)
530 silly packumentCache full:https://registry.npmjs.org/@esbuild%2fandroid-arm set size:211855 disposed:false
531 silly fetch manifest @esbuild/sunos-x64@0.27.2
532 silly packumentCache full:https://registry.npmjs.org/@esbuild%2fsunos-x64 cache-miss
533 http fetch GET 200 https://registry.npmjs.org/@esbuild%2ffreebsd-x64 68ms (cache revalidated)
534 silly packumentCache full:https://registry.npmjs.org/@esbuild%2ffreebsd-x64 set size:187094 disposed:false
535 silly fetch manifest @esbuild/win32-arm64@0.27.2
536 silly packumentCache full:https://registry.npmjs.org/@esbuild%2fwin32-arm64 cache-miss
537 http fetch GET 200 https://registry.npmjs.org/@esbuild%2fandroid-arm64 71ms (cache revalidated)
538 silly packumentCache full:https://registry.npmjs.org/@esbuild%2fandroid-arm64 set size:190597 disposed:false
539 silly fetch manifest @esbuild/win32-ia32@0.27.2
540 silly packumentCache full:https://registry.npmjs.org/@esbuild%2fwin32-ia32 cache-miss
541 http fetch GET 200 https://registry.npmjs.org/@esbuild%2flinux-arm 75ms (cache revalidated)
542 silly packumentCache full:https://registry.npmjs.org/@esbuild%2flinux-arm set size:185272 disposed:false
543 silly fetch manifest @esbuild/win32-x64@0.27.2
544 silly packumentCache full:https://registry.npmjs.org/@esbuild%2fwin32-x64 cache-miss
545 http fetch GET 200 https://registry.npmjs.org/@esbuild%2flinux-riscv64 75ms (cache revalidated)
546 silly packumentCache full:https://registry.npmjs.org/@esbuild%2flinux-riscv64 set size:188887 disposed:false
547 silly fetch manifest resolve-pkg-maps@^1.0.0
548 silly packumentCache full:https://registry.npmjs.org/resolve-pkg-maps cache-miss
549 http fetch GET 200 https://registry.npmjs.org/@esbuild%2flinux-ppc64 77ms (cache revalidated)
550 silly packumentCache full:https://registry.npmjs.org/@esbuild%2flinux-ppc64 set size:189212 disposed:false
551 http fetch GET 200 https://registry.npmjs.org/@esbuild%2flinux-mips64el 80ms (cache revalidated)
552 silly packumentCache full:https://registry.npmjs.org/@esbuild%2flinux-mips64el set size:190856 disposed:false
553 http fetch GET 200 https://registry.npmjs.org/@esbuild%2flinux-ia32 91ms (cache revalidated)
554 silly packumentCache full:https://registry.npmjs.org/@esbuild%2flinux-ia32 set size:186223 disposed:false
555 http fetch GET 200 https://registry.npmjs.org/@esbuild%2flinux-s390x 67ms (cache revalidated)
556 silly packumentCache full:https://registry.npmjs.org/@esbuild%2flinux-s390x set size:188714 disposed:false
557 http fetch GET 200 https://registry.npmjs.org/resolve-pkg-maps 45ms (cache revalidated)
558 silly packumentCache full:https://registry.npmjs.org/resolve-pkg-maps set size:11615 disposed:false
559 http fetch GET 200 https://registry.npmjs.org/@esbuild%2fopenbsd-x64 61ms (cache revalidated)
560 silly packumentCache full:https://registry.npmjs.org/@esbuild%2fopenbsd-x64 set size:187098 disposed:false
561 http fetch GET 200 https://registry.npmjs.org/@esbuild%2fnetbsd-arm64 72ms (cache revalidated)
562 silly packumentCache full:https://registry.npmjs.org/@esbuild%2fnetbsd-arm64 set size:30755 disposed:false
563 http fetch GET 200 https://registry.npmjs.org/@esbuild%2fsunos-x64 66ms (cache revalidated)
564 silly packumentCache full:https://registry.npmjs.org/@esbuild%2fsunos-x64 set size:185826 disposed:false
565 http fetch GET 200 https://registry.npmjs.org/@esbuild%2fnetbsd-x64 75ms (cache revalidated)
566 silly packumentCache full:https://registry.npmjs.org/@esbuild%2fnetbsd-x64 set size:184100 disposed:false
567 http fetch GET 200 https://registry.npmjs.org/@esbuild%2fopenharmony-arm64 72ms (cache revalidated)
568 silly packumentCache full:https://registry.npmjs.org/@esbuild%2fopenharmony-arm64 set size:19310 disposed:false
569 http fetch GET 200 https://registry.npmjs.org/@esbuild%2fwin32-x64 62ms (cache revalidated)
570 silly packumentCache full:https://registry.npmjs.org/@esbuild%2fwin32-x64 set size:185827 disposed:false
571 http fetch GET 200 https://registry.npmjs.org/@esbuild%2fwin32-arm64 72ms (cache revalidated)
572 silly packumentCache full:https://registry.npmjs.org/@esbuild%2fwin32-arm64 set size:187502 disposed:false
573 http fetch GET 200 https://registry.npmjs.org/@esbuild%2fwin32-ia32 71ms (cache revalidated)
574 silly packumentCache full:https://registry.npmjs.org/@esbuild%2fwin32-ia32 set size:186438 disposed:false
575 http fetch GET 200 https://registry.npmjs.org/@esbuild%2fopenbsd-arm64 85ms (cache revalidated)
576 silly packumentCache full:https://registry.npmjs.org/@esbuild%2fopenbsd-arm64 set size:36022 disposed:false
577 http fetch GET 200 https://registry.npmjs.org/@esbuild%2flinux-x64 218ms (cache revalidated)
578 silly packumentCache full:https://registry.npmjs.org/@esbuild%2flinux-x64 set size:185597 disposed:false
579 silly placeDep ROOT @esbuild/aix-ppc64@0.27.2 OK for: esbuild@0.27.2 want: 0.27.2
580 silly placeDep ROOT @esbuild/android-arm@0.27.2 OK for: esbuild@0.27.2 want: 0.27.2
581 silly placeDep ROOT @esbuild/android-arm64@0.27.2 OK for: esbuild@0.27.2 want: 0.27.2
582 silly placeDep ROOT @esbuild/android-x64@0.27.2 OK for: esbuild@0.27.2 want: 0.27.2
583 silly placeDep ROOT @esbuild/darwin-arm64@0.27.2 OK for: esbuild@0.27.2 want: 0.27.2
584 silly placeDep ROOT @esbuild/darwin-x64@0.27.2 OK for: esbuild@0.27.2 want: 0.27.2
585 silly placeDep ROOT @esbuild/freebsd-arm64@0.27.2 OK for: esbuild@0.27.2 want: 0.27.2
586 silly placeDep ROOT @esbuild/freebsd-x64@0.27.2 OK for: esbuild@0.27.2 want: 0.27.2
587 silly placeDep ROOT @esbuild/linux-arm@0.27.2 OK for: esbuild@0.27.2 want: 0.27.2
588 silly placeDep ROOT @esbuild/linux-arm64@0.27.2 OK for: esbuild@0.27.2 want: 0.27.2
589 silly placeDep ROOT @esbuild/linux-ia32@0.27.2 OK for: esbuild@0.27.2 want: 0.27.2
590 silly placeDep ROOT @esbuild/linux-loong64@0.27.2 OK for: esbuild@0.27.2 want: 0.27.2
591 silly placeDep ROOT @esbuild/linux-mips64el@0.27.2 OK for: esbuild@0.27.2 want: 0.27.2
592 silly placeDep ROOT @esbuild/linux-ppc64@0.27.2 OK for: esbuild@0.27.2 want: 0.27.2
593 silly placeDep ROOT @esbuild/linux-riscv64@0.27.2 OK for: esbuild@0.27.2 want: 0.27.2
594 silly placeDep ROOT @esbuild/linux-s390x@0.27.2 OK for: esbuild@0.27.2 want: 0.27.2
595 silly placeDep ROOT @esbuild/linux-x64@0.27.2 OK for: esbuild@0.27.2 want: 0.27.2
596 silly placeDep ROOT @esbuild/netbsd-arm64@0.27.2 OK for: esbuild@0.27.2 want: 0.27.2
597 silly placeDep ROOT @esbuild/netbsd-x64@0.27.2 OK for: esbuild@0.27.2 want: 0.27.2
598 silly placeDep ROOT @esbuild/openbsd-arm64@0.27.2 OK for: esbuild@0.27.2 want: 0.27.2
599 silly placeDep ROOT @esbuild/openbsd-x64@0.27.2 OK for: esbuild@0.27.2 want: 0.27.2
600 silly placeDep ROOT @esbuild/openharmony-arm64@0.27.2 OK for: esbuild@0.27.2 want: 0.27.2
601 silly placeDep ROOT @esbuild/sunos-x64@0.27.2 OK for: esbuild@0.27.2 want: 0.27.2
602 silly placeDep ROOT @esbuild/win32-arm64@0.27.2 OK for: esbuild@0.27.2 want: 0.27.2
603 silly placeDep ROOT @esbuild/win32-ia32@0.27.2 OK for: esbuild@0.27.2 want: 0.27.2
604 silly placeDep ROOT @esbuild/win32-x64@0.27.2 OK for: esbuild@0.27.2 want: 0.27.2
605 silly placeDep ROOT resolve-pkg-maps@1.0.0 OK for: get-tsconfig@4.13.1 want: ^1.0.0
606 silly fetch manifest jiti@>=1.21.0
607 silly packumentCache full:https://registry.npmjs.org/jiti cache-miss
608 http fetch GET 200 https://registry.npmjs.org/jiti 25ms (cache revalidated)
609 silly packumentCache full:https://registry.npmjs.org/jiti set size:382310 disposed:false
610 silly fetch manifest less@^4.0.0
611 silly packumentCache full:https://registry.npmjs.org/less cache-miss
612 http fetch GET 200 https://registry.npmjs.org/less 324ms (cache revalidated)
613 silly packumentCache full:https://registry.npmjs.org/less set size:430648 disposed:false
614 silly fetch manifest lightningcss@^1.21.0
615 silly packumentCache full:https://registry.npmjs.org/lightningcss cache-miss
616 http fetch GET 200 https://registry.npmjs.org/lightningcss 46ms (cache updated)
617 silly packumentCache full:https://registry.npmjs.org/lightningcss set size:undefined disposed:false
618 silly fetch manifest sass@^1.70.0
619 silly packumentCache full:https://registry.npmjs.org/sass cache-miss
620 http fetch GET 200 https://registry.npmjs.org/sass 29ms (cache revalidated)
621 silly packumentCache full:https://registry.npmjs.org/sass set size:722061 disposed:false
622 silly fetch manifest sass-embedded@^1.70.0
623 silly packumentCache full:https://registry.npmjs.org/sass-embedded cache-miss
624 http fetch GET 200 https://registry.npmjs.org/sass-embedded 32ms (cache revalidated)
625 silly packumentCache full:https://registry.npmjs.org/sass-embedded set size:407397 disposed:false
626 silly fetch manifest stylus@>=0.54.8
627 silly packumentCache full:https://registry.npmjs.org/stylus cache-miss
628 http fetch GET 200 https://registry.npmjs.org/stylus 56ms (cache revalidated)
629 silly packumentCache full:https://registry.npmjs.org/stylus set size:286766 disposed:false
630 silly fetch manifest sugarss@^5.0.0
631 silly packumentCache full:https://registry.npmjs.org/sugarss cache-miss
632 http fetch GET 200 https://registry.npmjs.org/sugarss 27ms (cache revalidated)
633 silly packumentCache full:https://registry.npmjs.org/sugarss set size:44975 disposed:false
634 silly fetch manifest postcss@^8.3.3
635 silly packumentCache full:https://registry.npmjs.org/postcss cache-miss
636 http fetch GET 200 https://registry.npmjs.org/postcss 31ms (cache revalidated)
637 silly packumentCache full:https://registry.npmjs.org/postcss set size:696248 disposed:false
638 silly fetch manifest terser@^5.16.0
639 silly packumentCache full:https://registry.npmjs.org/terser cache-miss
640 http fetch GET 200 https://registry.npmjs.org/terser 33ms (cache revalidated)
641 silly packumentCache full:https://registry.npmjs.org/terser set size:786629 disposed:false
642 silly fetch manifest tsx@^4.8.1
643 silly packumentCache full:https://registry.npmjs.org/tsx cache-hit
644 silly fetch manifest yaml@^2.4.2
645 silly packumentCache full:https://registry.npmjs.org/yaml cache-miss
646 http fetch GET 200 https://registry.npmjs.org/yaml 31ms (cache revalidated)
647 silly packumentCache full:https://registry.npmjs.org/yaml set size:364997 disposed:false
648 silly fetch manifest msw@^2.4.9
649 silly packumentCache full:https://registry.npmjs.org/msw cache-miss
650 http fetch GET 200 https://registry.npmjs.org/msw 36ms (cache revalidated)
651 silly packumentCache full:https://registry.npmjs.org/msw set size:1847949 disposed:false
652 silly fetch manifest typescript@>= 4.8.x
653 silly packumentCache full:https://registry.npmjs.org/typescript cache-miss
654 http cache https://registry.npmjs.org/typescript 33ms (cache hit)
655 silly packumentCache full:https://registry.npmjs.org/typescript set size:15201038 disposed:false
656 silly placeDep ROOT @types/chai@5.2.3 OK for: vitest@3.2.4 want: ^5.2.2
657 silly placeDep ROOT @vitest/expect@3.2.4 OK for: vitest@3.2.4 want: 3.2.4
658 silly placeDep ROOT @vitest/mocker@3.2.4 OK for: vitest@3.2.4 want: 3.2.4
659 silly placeDep ROOT @vitest/pretty-format@3.2.4 OK for: vitest@3.2.4 want: ^3.2.4
660 silly placeDep ROOT @vitest/runner@3.2.4 OK for: vitest@3.2.4 want: 3.2.4
661 silly placeDep ROOT @vitest/snapshot@3.2.4 OK for: vitest@3.2.4 want: 3.2.4
662 silly placeDep ROOT @vitest/spy@3.2.4 OK for: vitest@3.2.4 want: 3.2.4
663 silly placeDep ROOT @vitest/utils@3.2.4 OK for: vitest@3.2.4 want: 3.2.4
664 silly placeDep ROOT chai@5.3.3 OK for: vitest@3.2.4 want: ^5.2.0
665 silly placeDep ROOT expect-type@1.3.0 OK for: vitest@3.2.4 want: ^1.2.1
666 silly placeDep ROOT magic-string@0.30.21 OK for: vitest@3.2.4 want: ^0.30.17
667 silly placeDep ROOT pathe@2.0.3 OK for: vitest@3.2.4 want: ^2.0.3
668 silly placeDep ROOT std-env@3.10.0 OK for: vitest@3.2.4 want: ^3.9.0
669 silly placeDep ROOT tinybench@2.9.0 OK for: vitest@3.2.4 want: ^2.9.0
670 silly placeDep ROOT tinyexec@0.3.2 OK for: vitest@3.2.4 want: ^0.3.2
671 silly placeDep ROOT tinyglobby@0.2.15 OK for: vitest@3.2.4 want: ^0.2.14
672 silly placeDep ROOT tinypool@1.1.1 OK for: vitest@3.2.4 want: ^1.1.1
673 silly placeDep ROOT tinyrainbow@2.0.0 OK for: vitest@3.2.4 want: ^2.0.0
674 silly placeDep ROOT vite@7.3.1 OK for: vitest@3.2.4 want: ^5.0.0 || ^6.0.0 || ^7.0.0-0
675 silly placeDep ROOT vite-node@3.2.4 OK for: vitest@3.2.4 want: 3.2.4
676 silly placeDep ROOT why-is-node-running@2.3.0 OK for: vitest@3.2.4 want: ^2.3.0
677 silly fetch manifest @types/deep-eql@*
678 silly packumentCache full:https://registry.npmjs.org/@types%2fdeep-eql cache-miss
679 silly fetch manifest assertion-error@^2.0.1
680 silly packumentCache full:https://registry.npmjs.org/assertion-error cache-miss
681 silly fetch manifest estree-walker@^3.0.3
682 silly packumentCache full:https://registry.npmjs.org/estree-walker cache-miss
683 silly fetch manifest strip-literal@^3.0.0
684 silly packumentCache full:https://registry.npmjs.org/strip-literal cache-miss
685 silly fetch manifest tinyspy@^4.0.3
686 silly packumentCache full:https://registry.npmjs.org/tinyspy cache-miss
687 silly fetch manifest loupe@^3.1.4
688 silly packumentCache full:https://registry.npmjs.org/loupe cache-miss
689 silly fetch manifest loupe@^3.1.0
690 silly packumentCache full:https://registry.npmjs.org/loupe cache-miss
691 silly fetch manifest pathval@^2.0.0
692 silly packumentCache full:https://registry.npmjs.org/pathval cache-miss
693 silly fetch manifest deep-eql@^5.0.1
694 silly packumentCache full:https://registry.npmjs.org/deep-eql cache-miss
695 silly fetch manifest check-error@^2.1.1
696 silly packumentCache full:https://registry.npmjs.org/check-error cache-miss
697 silly fetch manifest assertion-error@^2.0.1
698 silly packumentCache full:https://registry.npmjs.org/assertion-error cache-miss
699 silly fetch manifest fdir@^6.5.0
700 silly packumentCache full:https://registry.npmjs.org/fdir cache-miss
701 silly fetch manifest fdir@^6.5.0
702 silly packumentCache full:https://registry.npmjs.org/fdir cache-miss
703 silly fetch manifest rollup@^4.43.0
704 silly packumentCache full:https://registry.npmjs.org/rollup cache-miss
705 silly fetch manifest cac@^6.7.14
706 silly packumentCache full:https://registry.npmjs.org/cac cache-miss
707 http fetch GET 200 https://registry.npmjs.org/assertion-error 38ms (cache revalidated)
708 silly packumentCache full:https://registry.npmjs.org/assertion-error set size:14438 disposed:false
709 silly fetch manifest es-module-lexer@^1.7.0
710 silly packumentCache full:https://registry.npmjs.org/es-module-lexer cache-miss
711 http fetch GET 200 https://registry.npmjs.org/check-error 36ms (cache revalidated)
712 silly packumentCache full:https://registry.npmjs.org/check-error set size:28618 disposed:false
713 silly fetch manifest siginfo@^2.0.0
714 silly packumentCache full:https://registry.npmjs.org/siginfo cache-miss
715 http fetch GET 200 https://registry.npmjs.org/loupe 42ms (cache revalidated)
716 silly packumentCache full:https://registry.npmjs.org/loupe set size:150836 disposed:false
717 silly fetch manifest stackback@0.0.2
718 silly packumentCache full:https://registry.npmjs.org/stackback cache-miss
719 http fetch GET 200 https://registry.npmjs.org/fdir 43ms (cache revalidated)
720 silly packumentCache full:https://registry.npmjs.org/fdir set size:136182 disposed:false
721 http fetch GET 200 https://registry.npmjs.org/fdir 45ms (cache revalidated)
722 silly packumentCache full:https://registry.npmjs.org/fdir set size:136182 disposed:false
723 silly packumentCache full:https://registry.npmjs.org/fdir dispose
724 http fetch GET 200 https://registry.npmjs.org/estree-walker 54ms (cache revalidated)
725 silly packumentCache full:https://registry.npmjs.org/estree-walker set size:60887 disposed:false
726 http fetch GET 200 https://registry.npmjs.org/@types%2fdeep-eql 56ms (cache revalidated)
727 silly packumentCache full:https://registry.npmjs.org/@types%2fdeep-eql set size:6411 disposed:false
728 http fetch GET 200 https://registry.npmjs.org/deep-eql 54ms (cache revalidated)
729 silly packumentCache full:https://registry.npmjs.org/deep-eql set size:73324 disposed:false
730 http fetch GET 200 https://registry.npmjs.org/pathval 55ms (cache revalidated)
731 silly packumentCache full:https://registry.npmjs.org/pathval set size:28664 disposed:false
732 http fetch GET 200 https://registry.npmjs.org/loupe 56ms (cache revalidated)
733 silly packumentCache full:https://registry.npmjs.org/loupe set size:150836 disposed:false
734 silly packumentCache full:https://registry.npmjs.org/loupe dispose
735 http fetch GET 200 https://registry.npmjs.org/tinyspy 58ms (cache revalidated)
736 silly packumentCache full:https://registry.npmjs.org/tinyspy set size:129138 disposed:false
737 http fetch GET 200 https://registry.npmjs.org/assertion-error 58ms (cache revalidated)
738 silly packumentCache full:https://registry.npmjs.org/assertion-error set size:14438 disposed:false
739 silly packumentCache full:https://registry.npmjs.org/assertion-error dispose
740 http fetch GET 200 https://registry.npmjs.org/strip-literal 61ms (cache revalidated)
741 silly packumentCache full:https://registry.npmjs.org/strip-literal set size:45192 disposed:false
742 http fetch GET 200 https://registry.npmjs.org/cac 59ms (cache revalidated)
743 silly packumentCache full:https://registry.npmjs.org/cac set size:372099 disposed:false
744 http fetch GET 200 https://registry.npmjs.org/es-module-lexer 42ms (cache revalidated)
745 silly packumentCache full:https://registry.npmjs.org/es-module-lexer set size:203341 disposed:false
746 http fetch GET 200 https://registry.npmjs.org/siginfo 43ms (cache revalidated)
747 silly packumentCache full:https://registry.npmjs.org/siginfo set size:8524 disposed:false
748 http fetch GET 200 https://registry.npmjs.org/rollup 131ms (cache updated)
749 silly packumentCache full:https://registry.npmjs.org/rollup set size:undefined disposed:false
750 http fetch GET 200 https://registry.npmjs.org/stackback 132ms (cache revalidated)
751 silly packumentCache full:https://registry.npmjs.org/stackback set size:4594 disposed:false
752 silly placeDep ROOT @types/deep-eql@4.0.2 OK for: @types/chai@5.2.3 want: *
753 silly placeDep ROOT assertion-error@2.0.1 OK for: @types/chai@5.2.3 want: ^2.0.1
754 silly placeDep ROOT estree-walker@3.0.3 OK for: @vitest/mocker@3.2.4 want: ^3.0.3
755 silly placeDep ROOT strip-literal@3.1.0 OK for: @vitest/runner@3.2.4 want: ^3.0.0
756 silly fetch manifest js-tokens@^9.0.1
757 silly packumentCache full:https://registry.npmjs.org/js-tokens cache-miss
758 http fetch GET 200 https://registry.npmjs.org/js-tokens 31ms (cache revalidated)
759 silly packumentCache full:https://registry.npmjs.org/js-tokens set size:41947 disposed:false
760 silly placeDep ROOT tinyspy@4.0.4 OK for: @vitest/spy@3.2.4 want: ^4.0.3
761 silly placeDep ROOT loupe@3.2.1 OK for: @vitest/utils@3.2.4 want: ^3.1.4
762 silly placeDep ROOT check-error@2.1.3 OK for: chai@5.3.3 want: ^2.1.1
763 silly placeDep ROOT deep-eql@5.0.2 OK for: chai@5.3.3 want: ^5.0.1
764 silly placeDep ROOT pathval@2.0.1 OK for: chai@5.3.3 want: ^2.0.0
765 silly placeDep node_modules/strip-literal js-tokens@9.0.1 OK for: strip-literal@3.1.0 want: ^9.0.1
766 silly fetch manifest picomatch@^4.0.3
767 silly packumentCache full:https://registry.npmjs.org/picomatch cache-miss
768 http fetch GET 200 https://registry.npmjs.org/picomatch 30ms (cache revalidated)
769 silly packumentCache full:https://registry.npmjs.org/picomatch set size:118818 disposed:false
770 silly placeDep ROOT fdir@6.5.0 OK for: tinyglobby@0.2.15 want: ^6.5.0
771 silly placeDep ROOT rollup@4.57.1 OK for: vite@7.3.1 want: ^4.43.0
772 silly fetch manifest @rollup/rollup-darwin-arm64@4.57.1
773 silly packumentCache full:https://registry.npmjs.org/@rollup%2frollup-darwin-arm64 cache-miss
774 silly fetch manifest @rollup/rollup-android-arm64@4.57.1
775 silly packumentCache full:https://registry.npmjs.org/@rollup%2frollup-android-arm64 cache-miss
776 silly fetch manifest @rollup/rollup-win32-arm64-msvc@4.57.1
777 silly packumentCache full:https://registry.npmjs.org/@rollup%2frollup-win32-arm64-msvc cache-miss
778 silly fetch manifest @rollup/rollup-freebsd-arm64@4.57.1
779 silly packumentCache full:https://registry.npmjs.org/@rollup%2frollup-freebsd-arm64 cache-miss
780 silly fetch manifest @rollup/rollup-linux-arm64-gnu@4.57.1
781 silly packumentCache full:https://registry.npmjs.org/@rollup%2frollup-linux-arm64-gnu cache-miss
782 silly fetch manifest @rollup/rollup-linux-arm64-musl@4.57.1
783 silly packumentCache full:https://registry.npmjs.org/@rollup%2frollup-linux-arm64-musl cache-miss
784 silly fetch manifest @rollup/rollup-android-arm-eabi@4.57.1
785 silly packumentCache full:https://registry.npmjs.org/@rollup%2frollup-android-arm-eabi cache-miss
786 silly fetch manifest @rollup/rollup-linux-arm-gnueabihf@4.57.1
787 silly packumentCache full:https://registry.npmjs.org/@rollup%2frollup-linux-arm-gnueabihf cache-miss
788 silly fetch manifest @rollup/rollup-linux-arm-musleabihf@4.57.1
789 silly packumentCache full:https://registry.npmjs.org/@rollup%2frollup-linux-arm-musleabihf cache-miss
790 silly fetch manifest @rollup/rollup-win32-ia32-msvc@4.57.1
791 silly packumentCache full:https://registry.npmjs.org/@rollup%2frollup-win32-ia32-msvc cache-miss
792 silly fetch manifest @rollup/rollup-linux-loong64-gnu@4.57.1
793 silly packumentCache full:https://registry.npmjs.org/@rollup%2frollup-linux-loong64-gnu cache-miss
794 silly fetch manifest @rollup/rollup-linux-loong64-musl@4.57.1
795 silly packumentCache full:https://registry.npmjs.org/@rollup%2frollup-linux-loong64-musl cache-miss
796 silly fetch manifest @rollup/rollup-linux-riscv64-gnu@4.57.1
797 silly packumentCache full:https://registry.npmjs.org/@rollup%2frollup-linux-riscv64-gnu cache-miss
798 silly fetch manifest @rollup/rollup-linux-riscv64-musl@4.57.1
799 silly packumentCache full:https://registry.npmjs.org/@rollup%2frollup-linux-riscv64-musl cache-miss
800 silly fetch manifest @rollup/rollup-linux-ppc64-gnu@4.57.1
801 silly packumentCache full:https://registry.npmjs.org/@rollup%2frollup-linux-ppc64-gnu cache-miss
802 http fetch GET 200 https://registry.npmjs.org/@rollup%2frollup-linux-loong64-musl 49ms (cache updated)
803 silly packumentCache full:https://registry.npmjs.org/@rollup%2frollup-linux-loong64-musl set size:undefined disposed:false
804 silly fetch manifest @rollup/rollup-linux-ppc64-musl@4.57.1
805 silly packumentCache full:https://registry.npmjs.org/@rollup%2frollup-linux-ppc64-musl cache-miss
806 http fetch GET 200 https://registry.npmjs.org/@rollup%2frollup-freebsd-arm64 64ms (cache updated)
807 silly packumentCache full:https://registry.npmjs.org/@rollup%2frollup-freebsd-arm64 set size:undefined disposed:false
808 silly fetch manifest @rollup/rollup-linux-s390x-gnu@4.57.1
809 silly packumentCache full:https://registry.npmjs.org/@rollup%2frollup-linux-s390x-gnu cache-miss
810 http fetch GET 200 https://registry.npmjs.org/@rollup%2frollup-linux-arm64-gnu 68ms (cache updated)
811 silly packumentCache full:https://registry.npmjs.org/@rollup%2frollup-linux-arm64-gnu set size:undefined disposed:false
812 silly fetch manifest @rollup/rollup-darwin-x64@4.57.1
813 silly packumentCache full:https://registry.npmjs.org/@rollup%2frollup-darwin-x64 cache-miss
814 http fetch GET 200 https://registry.npmjs.org/@rollup%2frollup-linux-arm-musleabihf 76ms (cache updated)
815 silly packumentCache full:https://registry.npmjs.org/@rollup%2frollup-linux-arm-musleabihf set size:undefined disposed:false
816 silly fetch manifest @rollup/rollup-win32-x64-gnu@4.57.1
817 silly packumentCache full:https://registry.npmjs.org/@rollup%2frollup-win32-x64-gnu cache-miss
818 http fetch GET 200 https://registry.npmjs.org/@rollup%2frollup-linux-riscv64-musl 77ms (cache updated)
819 silly packumentCache full:https://registry.npmjs.org/@rollup%2frollup-linux-riscv64-musl set size:undefined disposed:false
820 silly fetch manifest @rollup/rollup-win32-x64-msvc@4.57.1
821 silly packumentCache full:https://registry.npmjs.org/@rollup%2frollup-win32-x64-msvc cache-miss
822 http fetch GET 200 https://registry.npmjs.org/@rollup%2frollup-android-arm64 87ms (cache updated)
823 silly packumentCache full:https://registry.npmjs.org/@rollup%2frollup-android-arm64 set size:undefined disposed:false
824 silly fetch manifest @rollup/rollup-freebsd-x64@4.57.1
825 silly packumentCache full:https://registry.npmjs.org/@rollup%2frollup-freebsd-x64 cache-miss
826 http fetch GET 200 https://registry.npmjs.org/@rollup%2frollup-linux-ppc64-gnu 90ms (cache updated)
827 silly packumentCache full:https://registry.npmjs.org/@rollup%2frollup-linux-ppc64-gnu set size:undefined disposed:false
828 silly fetch manifest @rollup/rollup-linux-x64-gnu@4.57.1
829 silly packumentCache full:https://registry.npmjs.org/@rollup%2frollup-linux-x64-gnu cache-miss
830 http fetch GET 200 https://registry.npmjs.org/@rollup%2frollup-darwin-arm64 97ms (cache updated)
831 silly packumentCache full:https://registry.npmjs.org/@rollup%2frollup-darwin-arm64 set size:undefined disposed:false
832 silly fetch manifest @rollup/rollup-linux-x64-musl@4.57.1
833 silly packumentCache full:https://registry.npmjs.org/@rollup%2frollup-linux-x64-musl cache-miss
834 http fetch GET 200 https://registry.npmjs.org/@rollup%2frollup-linux-loong64-gnu 98ms (cache updated)
835 silly packumentCache full:https://registry.npmjs.org/@rollup%2frollup-linux-loong64-gnu set size:undefined disposed:false
836 silly fetch manifest @rollup/rollup-openbsd-x64@4.57.1
837 silly packumentCache full:https://registry.npmjs.org/@rollup%2frollup-openbsd-x64 cache-miss
838 http fetch GET 200 https://registry.npmjs.org/@rollup%2frollup-linux-riscv64-gnu 100ms (cache updated)
839 silly packumentCache full:https://registry.npmjs.org/@rollup%2frollup-linux-riscv64-gnu set size:undefined disposed:false
840 silly fetch manifest @rollup/rollup-openharmony-arm64@4.57.1
841 silly packumentCache full:https://registry.npmjs.org/@rollup%2frollup-openharmony-arm64 cache-miss
842 http fetch GET 200 https://registry.npmjs.org/@rollup%2frollup-win32-arm64-msvc 109ms (cache updated)
843 silly packumentCache full:https://registry.npmjs.org/@rollup%2frollup-win32-arm64-msvc set size:undefined disposed:false
844 http fetch GET 200 https://registry.npmjs.org/@rollup%2frollup-win32-ia32-msvc 111ms (cache updated)
845 silly packumentCache full:https://registry.npmjs.org/@rollup%2frollup-win32-ia32-msvc set size:undefined disposed:false
846 http fetch GET 200 https://registry.npmjs.org/@rollup%2frollup-linux-arm-gnueabihf 117ms (cache updated)
847 silly packumentCache full:https://registry.npmjs.org/@rollup%2frollup-linux-arm-gnueabihf set size:undefined disposed:false
848 http fetch GET 200 https://registry.npmjs.org/@rollup%2frollup-linux-arm64-musl 130ms (cache updated)
849 silly packumentCache full:https://registry.npmjs.org/@rollup%2frollup-linux-arm64-musl set size:undefined disposed:false
850 http fetch GET 200 https://registry.npmjs.org/@rollup%2frollup-linux-ppc64-musl 82ms (cache updated)
851 silly packumentCache full:https://registry.npmjs.org/@rollup%2frollup-linux-ppc64-musl set size:undefined disposed:false
852 http fetch GET 200 https://registry.npmjs.org/@rollup%2frollup-darwin-x64 66ms (cache updated)
853 silly packumentCache full:https://registry.npmjs.org/@rollup%2frollup-darwin-x64 set size:undefined disposed:false
854 http fetch GET 200 https://registry.npmjs.org/@rollup%2frollup-win32-x64-gnu 62ms (cache updated)
855 silly packumentCache full:https://registry.npmjs.org/@rollup%2frollup-win32-x64-gnu set size:undefined disposed:false
856 http fetch GET 200 https://registry.npmjs.org/@rollup%2frollup-win32-x64-msvc 64ms (cache updated)
857 silly packumentCache full:https://registry.npmjs.org/@rollup%2frollup-win32-x64-msvc set size:undefined disposed:false
858 http fetch GET 200 https://registry.npmjs.org/@rollup%2frollup-linux-s390x-gnu 86ms (cache updated)
859 silly packumentCache full:https://registry.npmjs.org/@rollup%2frollup-linux-s390x-gnu set size:undefined disposed:false
860 http fetch GET 200 https://registry.npmjs.org/@rollup%2frollup-freebsd-x64 75ms (cache updated)
861 silly packumentCache full:https://registry.npmjs.org/@rollup%2frollup-freebsd-x64 set size:undefined disposed:false
862 http fetch GET 200 https://registry.npmjs.org/@rollup%2frollup-linux-x64-musl 73ms (cache updated)
863 silly packumentCache full:https://registry.npmjs.org/@rollup%2frollup-linux-x64-musl set size:undefined disposed:false
864 http fetch GET 200 https://registry.npmjs.org/@rollup%2frollup-openharmony-arm64 71ms (cache updated)
865 silly packumentCache full:https://registry.npmjs.org/@rollup%2frollup-openharmony-arm64 set size:undefined disposed:false
866 http fetch GET 200 https://registry.npmjs.org/@rollup%2frollup-openbsd-x64 79ms (cache updated)
867 silly packumentCache full:https://registry.npmjs.org/@rollup%2frollup-openbsd-x64 set size:undefined disposed:false
868 http fetch GET 200 https://registry.npmjs.org/@rollup%2frollup-linux-x64-gnu 90ms (cache updated)
869 silly packumentCache full:https://registry.npmjs.org/@rollup%2frollup-linux-x64-gnu set size:undefined disposed:false
870 http fetch GET 200 https://registry.npmjs.org/@rollup%2frollup-android-arm-eabi 216ms (cache updated)
871 silly packumentCache full:https://registry.npmjs.org/@rollup%2frollup-android-arm-eabi set size:undefined disposed:false
872 silly placeDep ROOT @rollup/rollup-android-arm-eabi@4.57.1 OK for: rollup@4.57.1 want: 4.57.1
873 silly placeDep ROOT @rollup/rollup-android-arm64@4.57.1 OK for: rollup@4.57.1 want: 4.57.1
874 silly placeDep ROOT @rollup/rollup-darwin-arm64@4.57.1 OK for: rollup@4.57.1 want: 4.57.1
875 silly placeDep ROOT @rollup/rollup-darwin-x64@4.57.1 OK for: rollup@4.57.1 want: 4.57.1
876 silly placeDep ROOT @rollup/rollup-freebsd-arm64@4.57.1 OK for: rollup@4.57.1 want: 4.57.1
877 silly placeDep ROOT @rollup/rollup-freebsd-x64@4.57.1 OK for: rollup@4.57.1 want: 4.57.1
878 silly placeDep ROOT @rollup/rollup-linux-arm-gnueabihf@4.57.1 OK for: rollup@4.57.1 want: 4.57.1
879 silly placeDep ROOT @rollup/rollup-linux-arm-musleabihf@4.57.1 OK for: rollup@4.57.1 want: 4.57.1
880 silly placeDep ROOT @rollup/rollup-linux-arm64-gnu@4.57.1 OK for: rollup@4.57.1 want: 4.57.1
881 silly placeDep ROOT @rollup/rollup-linux-arm64-musl@4.57.1 OK for: rollup@4.57.1 want: 4.57.1
882 silly placeDep ROOT @rollup/rollup-linux-loong64-gnu@4.57.1 OK for: rollup@4.57.1 want: 4.57.1
883 silly placeDep ROOT @rollup/rollup-linux-loong64-musl@4.57.1 OK for: rollup@4.57.1 want: 4.57.1
884 silly placeDep ROOT @rollup/rollup-linux-ppc64-gnu@4.57.1 OK for: rollup@4.57.1 want: 4.57.1
885 silly placeDep ROOT @rollup/rollup-linux-ppc64-musl@4.57.1 OK for: rollup@4.57.1 want: 4.57.1
886 silly placeDep ROOT @rollup/rollup-linux-riscv64-gnu@4.57.1 OK for: rollup@4.57.1 want: 4.57.1
887 silly placeDep ROOT @rollup/rollup-linux-riscv64-musl@4.57.1 OK for: rollup@4.57.1 want: 4.57.1
888 silly placeDep ROOT @rollup/rollup-linux-s390x-gnu@4.57.1 OK for: rollup@4.57.1 want: 4.57.1
889 silly placeDep ROOT @rollup/rollup-linux-x64-gnu@4.57.1 OK for: rollup@4.57.1 want: 4.57.1
890 silly placeDep ROOT @rollup/rollup-linux-x64-musl@4.57.1 OK for: rollup@4.57.1 want: 4.57.1
891 silly placeDep ROOT @rollup/rollup-openbsd-x64@4.57.1 OK for: rollup@4.57.1 want: 4.57.1
892 silly placeDep ROOT @rollup/rollup-openharmony-arm64@4.57.1 OK for: rollup@4.57.1 want: 4.57.1
893 silly placeDep ROOT @rollup/rollup-win32-arm64-msvc@4.57.1 OK for: rollup@4.57.1 want: 4.57.1
894 silly placeDep ROOT @rollup/rollup-win32-ia32-msvc@4.57.1 OK for: rollup@4.57.1 want: 4.57.1
895 silly placeDep ROOT @rollup/rollup-win32-x64-gnu@4.57.1 OK for: rollup@4.57.1 want: 4.57.1
896 silly placeDep ROOT @rollup/rollup-win32-x64-msvc@4.57.1 OK for: rollup@4.57.1 want: 4.57.1
897 silly placeDep ROOT cac@6.7.14 OK for: vite-node@3.2.4 want: ^6.7.14
898 silly placeDep node_modules/vite-node es-module-lexer@1.7.0 OK for: vite-node@3.2.4 want: ^1.7.0
899 silly placeDep ROOT iconv-lite@0.6.3 OK for: whatwg-encoding@3.1.1 want: 0.6.3
900 silly fetch manifest safer-buffer@>= 2.1.2 < 3.0.0
901 silly packumentCache full:https://registry.npmjs.org/safer-buffer cache-miss
902 http fetch GET 200 https://registry.npmjs.org/safer-buffer 36ms (cache revalidated)
903 silly packumentCache full:https://registry.npmjs.org/safer-buffer set size:18521 disposed:false
904 silly placeDep ROOT safer-buffer@2.1.2 OK for: iconv-lite@0.6.3 want: >= 2.1.2 < 3.0.0
905 silly placeDep ROOT tr46@5.1.1 OK for: whatwg-url@14.2.0 want: ^5.1.0
906 silly fetch manifest punycode@^2.3.1
907 silly packumentCache full:https://registry.npmjs.org/punycode cache-miss
908 http fetch GET 200 https://registry.npmjs.org/punycode 40ms (cache revalidated)
909 silly packumentCache full:https://registry.npmjs.org/punycode set size:61302 disposed:false
910 silly placeDep ROOT punycode@2.3.1 OK for: tr46@5.1.1 want: ^2.3.1
911 silly placeDep ROOT siginfo@2.0.0 OK for: why-is-node-running@2.3.0 want: ^2.0.0
912 silly placeDep ROOT stackback@0.0.2 OK for: why-is-node-running@2.3.0 want: 0.0.2
913 silly reify moves {}
914 silly audit bulk request {
914 silly audit   '@babel/code-frame': [ '7.28.6' ],
914 silly audit   '@babel/compat-data': [ '7.28.6' ],
914 silly audit   '@babel/core': [ '7.28.6' ],
914 silly audit   '@babel/generator': [ '7.28.6' ],
914 silly audit   '@babel/helper-annotate-as-pure': [ '7.27.3' ],
914 silly audit   '@babel/helper-compilation-targets': [ '7.28.6' ],
914 silly audit   '@babel/helper-create-class-features-plugin': [ '7.28.6' ],
914 silly audit   '@babel/helper-create-regexp-features-plugin': [ '7.28.5' ],
914 silly audit   '@babel/helper-define-polyfill-provider': [ '0.6.5' ],
914 silly audit   '@babel/helper-globals': [ '7.28.0' ],
914 silly audit   '@babel/helper-member-expression-to-functions': [ '7.28.5' ],
914 silly audit   '@babel/helper-module-imports': [ '7.28.6' ],
914 silly audit   '@babel/helper-module-transforms': [ '7.28.6' ],
914 silly audit   '@babel/helper-optimise-call-expression': [ '7.27.1' ],
914 silly audit   '@babel/helper-plugin-utils': [ '7.28.6' ],
914 silly audit   '@babel/helper-remap-async-to-generator': [ '7.27.1' ],
914 silly audit   '@babel/helper-replace-supers': [ '7.28.6' ],
914 silly audit   '@babel/helper-skip-transparent-expression-wrappers': [ '7.27.1' ],
914 silly audit   '@babel/helper-string-parser': [ '7.27.1' ],
914 silly audit   '@babel/helper-validator-identifier': [ '7.28.5' ],
914 silly audit   '@babel/helper-validator-option': [ '7.27.1' ],
914 silly audit   '@babel/helper-wrap-function': [ '7.28.6' ],
914 silly audit   '@babel/helpers': [ '7.28.6' ],
914 silly audit   '@babel/parser': [ '7.28.6' ],
914 silly audit   '@babel/plugin-bugfix-firefox-class-in-computed-class-key': [ '7.28.5' ],
914 silly audit   '@babel/plugin-bugfix-safari-class-field-initializer-scope': [ '7.27.1' ],
914 silly audit   '@babel/plugin-bugfix-safari-id-destructuring-collision-in-function-expression': [ '7.27.1' ],
914 silly audit   '@babel/plugin-bugfix-v8-spread-parameters-in-optional-chaining': [ '7.27.1' ],
914 silly audit   '@babel/plugin-bugfix-v8-static-class-fields-redefine-readonly': [ '7.28.6' ],
914 silly audit   '@babel/plugin-proposal-private-property-in-object': [ '7.21.0-placeholder-for-preset-env.2' ],
914 silly audit   '@babel/plugin-syntax-import-assertions': [ '7.28.6' ],
914 silly audit   '@babel/plugin-syntax-import-attributes': [ '7.28.6' ],
914 silly audit   '@babel/plugin-syntax-unicode-sets-regex': [ '7.18.6' ],
914 silly audit   '@babel/plugin-transform-arrow-functions': [ '7.27.1' ],
914 silly audit   '@babel/plugin-transform-async-generator-functions': [ '7.28.6' ],
914 silly audit   '@babel/plugin-transform-async-to-generator': [ '7.28.6' ],
914 silly audit   '@babel/plugin-transform-block-scoped-functions': [ '7.27.1' ],
914 silly audit   '@babel/plugin-transform-block-scoping': [ '7.28.6' ],
914 silly audit   '@babel/plugin-transform-class-properties': [ '7.28.6' ],
914 silly audit   '@babel/plugin-transform-class-static-block': [ '7.28.6' ],
914 silly audit   '@babel/plugin-transform-classes': [ '7.28.6' ],
914 silly audit   '@babel/plugin-transform-computed-properties': [ '7.28.6' ],
914 silly audit   '@babel/plugin-transform-destructuring': [ '7.28.5' ],
914 silly audit   '@babel/plugin-transform-dotall-regex': [ '7.28.6' ],
914 silly audit   '@babel/plugin-transform-duplicate-keys': [ '7.27.1' ],
914 silly audit   '@babel/plugin-transform-duplicate-named-capturing-groups-regex': [ '7.28.6' ],
914 silly audit   '@babel/plugin-transform-dynamic-import': [ '7.27.1' ],
914 silly audit   '@babel/plugin-transform-explicit-resource-management': [ '7.28.6' ],
914 silly audit   '@babel/plugin-transform-exponentiation-operator': [ '7.28.6' ],
914 silly audit   '@babel/plugin-transform-export-namespace-from': [ '7.27.1' ],
914 silly audit   '@babel/plugin-transform-for-of': [ '7.27.1' ],
914 silly audit   '@babel/plugin-transform-function-name': [ '7.27.1' ],
914 silly audit   '@babel/plugin-transform-json-strings': [ '7.28.6' ],
914 silly audit   '@babel/plugin-transform-literals': [ '7.27.1' ],
914 silly audit   '@babel/plugin-transform-logical-assignment-operators': [ '7.28.6' ],
914 silly audit   '@babel/plugin-transform-member-expression-literals': [ '7.27.1' ],
914 silly audit   '@babel/plugin-transform-modules-amd': [ '7.27.1' ],
914 silly audit   '@babel/plugin-transform-modules-commonjs': [ '7.28.6' ],
914 silly audit   '@babel/plugin-transform-modules-systemjs': [ '7.28.5' ],
914 silly audit   '@babel/plugin-transform-modules-umd': [ '7.27.1' ],
914 silly audit   '@babel/plugin-transform-named-capturing-groups-regex': [ '7.27.1' ],
914 silly audit   '@babel/plugin-transform-new-target': [ '7.27.1' ],
914 silly audit   '@babel/plugin-transform-nullish-coalescing-operator': [ '7.28.6' ],
914 silly audit   '@babel/plugin-transform-numeric-separator': [ '7.28.6' ],
914 silly audit   '@babel/plugin-transform-object-rest-spread': [ '7.28.6' ],
914 silly audit   '@babel/plugin-transform-object-super': [ '7.27.1' ],
914 silly audit   '@babel/plugin-transform-optional-catch-binding': [ '7.28.6' ],
914 silly audit   '@babel/plugin-transform-optional-chaining': [ '7.28.6' ],
914 silly audit   '@babel/plugin-transform-parameters': [ '7.27.7' ],
914 silly audit   '@babel/plugin-transform-private-methods': [ '7.28.6' ],
914 silly audit   '@babel/plugin-transform-private-property-in-object': [ '7.28.6' ],
914 silly audit   '@babel/plugin-transform-property-literals': [ '7.27.1' ],
914 silly audit   '@babel/plugin-transform-regenerator': [ '7.28.6' ],
914 silly audit   '@babel/plugin-transform-regexp-modifiers': [ '7.28.6' ],
914 silly audit   '@babel/plugin-transform-reserved-words': [ '7.27.1' ],
914 silly audit   '@babel/plugin-transform-shorthand-properties': [ '7.27.1' ],
914 silly audit   '@babel/plugin-transform-spread': [ '7.28.6' ],
914 silly audit   '@babel/plugin-transform-sticky-regex': [ '7.27.1' ],
914 silly audit   '@babel/plugin-transform-template-literals': [ '7.27.1' ],
914 silly audit   '@babel/plugin-transform-typeof-symbol': [ '7.27.1' ],
914 silly audit   '@babel/plugin-transform-unicode-escapes': [ '7.27.1' ],
914 silly audit   '@babel/plugin-transform-unicode-property-regex': [ '7.28.6' ],
914 silly audit   '@babel/plugin-transform-unicode-regex': [ '7.27.1' ],
914 silly audit   '@babel/plugin-transform-unicode-sets-regex': [ '7.28.6' ],
914 silly audit   '@babel/preset-env': [ '7.28.6' ],
914 silly audit   '@babel/preset-modules': [ '0.1.6-no-external-plugins' ],
914 silly audit   '@babel/template': [ '7.28.6' ],
914 silly audit   '@babel/traverse': [ '7.28.6' ],
914 silly audit   '@babel/types': [ '7.28.6' ],
914 silly audit   '@discoveryjs/json-ext': [ '0.5.7' ],
914 silly audit   '@hotwired/stimulus': [ '3.2.2' ],
914 silly audit   '@hotwired/stimulus-webpack-helpers': [ '1.0.1' ],
914 silly audit   '@hotwired/turbo': [ '8.0.21' ],
914 silly audit   '@jest/pattern': [ '30.0.1' ],
914 silly audit   '@jest/schemas': [ '30.0.5' ],
914 silly audit   '@jest/types': [ '30.2.0' ],
914 silly audit   'ansi-styles': [ '4.3.0', '3.2.1', '5.2.0' ],
914 silly audit   chalk: [ '4.1.2', '2.4.2' ],
914 silly audit   'color-convert': [ '2.0.1', '1.9.3' ],
914 silly audit   'color-name': [ '1.1.4', '1.1.3' ],
914 silly audit   'has-flag': [ '4.0.0', '3.0.0' ],
914 silly audit   'supports-color': [ '7.2.0', '8.1.1', '5.5.0' ],
914 silly audit   '@jridgewell/gen-mapping': [ '0.3.13' ],
914 silly audit   '@jridgewell/remapping': [ '2.3.5' ],
914 silly audit   '@jridgewell/resolve-uri': [ '3.1.2' ],
914 silly audit   '@jridgewell/source-map': [ '0.3.11' ],
914 silly audit   '@jridgewell/sourcemap-codec': [ '1.5.5' ],
914 silly audit   '@jridgewell/trace-mapping': [ '0.3.31' ],
914 silly audit   '@nuxt/friendly-errors-webpack-plugin': [ '2.6.0' ],
914 silly audit   '@parcel/watcher': [ '2.5.4' ],
914 silly audit   '@parcel/watcher-android-arm64': [ '2.5.4' ],
914 silly audit   '@parcel/watcher-darwin-arm64': [ '2.5.4' ],
914 silly audit   '@parcel/watcher-darwin-x64': [ '2.5.4' ],
914 silly audit   '@parcel/watcher-freebsd-x64': [ '2.5.4' ],
914 silly audit   '@parcel/watcher-linux-arm-glibc': [ '2.5.4' ],
914 silly audit   '@parcel/watcher-linux-arm-musl': [ '2.5.4' ],
914 silly audit   '@parcel/watcher-linux-arm64-glibc': [ '2.5.4' ],
914 silly audit   '@parcel/watcher-linux-arm64-musl': [ '2.5.4' ],
914 silly audit   '@parcel/watcher-linux-x64-glibc': [ '2.5.4' ],
914 silly audit   '@parcel/watcher-linux-x64-musl': [ '2.5.4' ],
914 silly audit   '@parcel/watcher-win32-arm64': [ '2.5.4' ],
914 silly audit   '@parcel/watcher-win32-ia32': [ '2.5.4' ],
914 silly audit   '@parcel/watcher-win32-x64': [ '2.5.4' ],
914 silly audit   '@popperjs/core': [ '2.11.8' ],
914 silly audit   '@sinclair/typebox': [ '0.34.47' ],
914 silly audit   '@symfony/stimulus-bridge': [ '4.0.1' ],
914 silly audit   '@symfony/webpack-encore': [ '5.3.1' ],
914 silly audit   semver: [ '7.7.3', '6.3.1' ],
914 silly audit   '@types/eslint': [ '9.6.1' ],
914 silly audit   '@types/eslint-scope': [ '3.7.7' ],
914 silly audit   '@types/estree': [ '1.0.8' ],
914 silly audit   '@types/istanbul-lib-coverage': [ '2.0.6' ],
914 silly audit   '@types/istanbul-lib-report': [ '3.0.3' ],
914 silly audit   '@types/istanbul-reports': [ '3.0.4' ],
914 silly audit   '@types/json-schema': [ '7.0.15' ],
914 silly audit   '@types/node': [ '25.0.9' ],
914 silly audit   '@types/webpack-env': [ '1.18.8' ],
914 silly audit   '@types/yargs': [ '17.0.35' ],
914 silly audit   '@types/yargs-parser': [ '21.0.3' ],
914 silly audit   '@ungap/structured-clone': [ '1.3.0' ],
914 silly audit   '@webassemblyjs/ast': [ '1.14.1' ],
914 silly audit   '@webassemblyjs/floating-point-hex-parser': [ '1.13.2' ],
914 silly audit   '@webassemblyjs/helper-api-error': [ '1.13.2' ],
914 silly audit   '@webassemblyjs/helper-buffer': [ '1.14.1' ],
914 silly audit   '@webassemblyjs/helper-numbers': [ '1.13.2' ],
914 silly audit   '@webassemblyjs/helper-wasm-bytecode': [ '1.13.2' ],
914 silly audit   '@webassemblyjs/helper-wasm-section': [ '1.14.1' ],
914 silly audit   '@webassemblyjs/ieee754': [ '1.13.2' ],
914 silly audit   '@webassemblyjs/leb128': [ '1.13.2' ],
914 silly audit   '@webassemblyjs/utf8': [ '1.13.2' ],
914 silly audit   '@webassemblyjs/wasm-edit': [ '1.14.1' ],
914 silly audit   '@webassemblyjs/wasm-gen': [ '1.14.1' ],
914 silly audit   '@webassemblyjs/wasm-opt': [ '1.14.1' ],
914 silly audit   '@webassemblyjs/wasm-parser': [ '1.14.1' ],
914 silly audit   '@webassemblyjs/wast-printer': [ '1.14.1' ],
914 silly audit   '@webpack-cli/configtest': [ '2.1.1' ],
914 silly audit   '@webpack-cli/info': [ '2.0.2' ],
914 silly audit   '@webpack-cli/serve': [ '2.0.5' ],
914 silly audit   '@xtuc/ieee754': [ '1.2.0' ],
914 silly audit   '@xtuc/long': [ '4.2.2' ],
914 silly audit   '@zackad/prettier-plugin-twig': [ '0.16.2' ],
914 silly audit   acorn: [ '8.15.0' ],
914 silly audit   'acorn-import-phases': [ '1.0.4' ],
914 silly audit   'adjust-sourcemap-loader': [ '4.0.0' ],
914 silly audit   ajv: [ '8.17.1' ],
914 silly audit   'ajv-formats': [ '2.1.1' ],
914 silly audit   'ajv-keywords': [ '5.1.0' ],
914 silly audit   'ansi-regex': [ '5.0.1' ],
914 silly audit   'babel-loader': [ '10.0.0' ],
914 silly audit   'babel-plugin-polyfill-corejs2': [ '0.4.14' ],
914 silly audit   'babel-plugin-polyfill-corejs3': [ '0.13.0' ],
914 silly audit   'babel-plugin-polyfill-regenerator': [ '0.6.5' ],
914 silly audit   'baseline-browser-mapping': [ '2.9.14' ],
914 silly audit   'big.js': [ '5.2.2' ],
914 silly audit   boolbase: [ '1.0.0' ],
914 silly audit   bootstrap: [ '5.3.8' ],
914 silly audit   browserslist: [ '4.28.1' ],
914 silly audit   'buffer-from': [ '1.1.2' ],
914 silly audit   'caniuse-api': [ '3.0.0' ],
914 silly audit   'caniuse-lite': [ '1.0.30001764' ],
914 silly audit   chokidar: [ '4.0.3' ],
914 silly audit   'chrome-trace-event': [ '1.0.4' ],
914 silly audit   'ci-info': [ '4.3.1' ],
914 silly audit   'clone-deep': [ '4.0.1' ],
914 silly audit   colord: [ '2.9.3' ],
914 silly audit   colorette: [ '2.0.20' ],
914 silly audit   commander: [ '11.1.0', '2.20.3', '10.0.1' ],
914 silly audit   consola: [ '3.4.2' ],
914 silly audit   'convert-source-map': [ '2.0.0', '1.9.0' ],
914 silly audit   'core-js': [ '3.47.0' ],
914 silly audit   'core-js-compat': [ '3.47.0' ],
914 silly audit   'cross-spawn': [ '7.0.6' ],
914 silly audit   'css-declaration-sorter': [ '7.3.1' ],
914 silly audit   'css-loader': [ '7.1.2' ],
914 silly audit   'css-minimizer-webpack-plugin': [ '7.0.4' ],
914 silly audit   'css-select': [ '4.3.0', '5.2.2' ],
914 silly audit   'css-tree': [ '3.1.0', '2.2.1' ],
914 silly audit   'css-what': [ '6.2.2' ],
914 silly audit   cssesc: [ '3.0.0' ],
914 silly audit   cssnano: [ '7.1.2' ],
914 silly audit   'cssnano-preset-default': [ '7.0.10' ],
914 silly audit   'cssnano-utils': [ '5.0.1' ],
914 silly audit   csso: [ '5.0.5' ],
914 silly audit   'mdn-data': [ '2.0.28', '2.12.2' ],
914 silly audit   debug: [ '4.4.3' ],
914 silly audit   'detect-libc': [ '2.1.2' ],
914 silly audit   'dom-converter': [ '0.2.0' ],
914 silly audit   'dom-serializer': [ '1.4.1', '2.0.0' ],
914 silly audit   domelementtype: [ '2.3.0' ],
914 silly audit   domhandler: [ '4.3.1', '5.0.3' ],
914 silly audit   domutils: [ '2.8.0', '3.2.2' ],
914 silly audit   'electron-to-chromium': [ '1.5.267' ],
914 silly audit   'emoji-regex': [ '8.0.0' ],
914 silly audit   'emojis-list': [ '3.0.0' ],
914 silly audit   'enhanced-resolve': [ '5.18.4' ],
914 silly audit   entities: [ '2.2.0', '4.5.0', '6.0.1' ],
914 silly audit   envinfo: [ '7.21.0' ],
914 silly audit   'error-stack-parser': [ '2.1.4' ],
914 silly audit   'es-module-lexer': [ '2.0.0', '1.7.0' ],
914 silly audit   escalade: [ '3.2.0' ],
914 silly audit   'escape-string-regexp': [ '1.0.5' ],
914 silly audit   'eslint-scope': [ '5.1.1' ],
914 silly audit   esrecurse: [ '4.3.0' ],
914 silly audit   estraverse: [ '5.3.0', '4.3.0' ],
914 silly audit   esutils: [ '2.0.3' ],
914 silly audit   events: [ '3.3.0' ],
914 silly audit   'fast-deep-equal': [ '3.1.3' ],
914 silly audit   'fast-uri': [ '3.1.0' ],
914 silly audit   'fastest-levenshtein': [ '1.0.16' ],
914 silly audit   'find-up': [ '5.0.0', '4.1.0' ],
914 silly audit   flat: [ '5.0.2' ],
914 silly audit   'function-bind': [ '1.1.2' ],
914 silly audit   gensync: [ '1.0.0-beta.2' ],
914 silly audit   'glob-to-regexp': [ '0.4.1' ],
914 silly audit   'graceful-fs': [ '4.2.11' ],
914 silly audit   hasown: [ '2.0.2' ],
914 silly audit   he: [ '1.2.0' ],
914 silly audit   htmlparser2: [ '6.1.0' ],
914 silly audit   'icss-utils': [ '5.1.0' ],
914 silly audit   immutable: [ '5.1.4' ],
914 silly audit   'import-local': [ '3.2.0' ],
914 silly audit   interpret: [ '3.1.1' ],
914 silly audit   'is-core-module': [ '2.16.1' ],
914 silly audit   'is-extglob': [ '2.1.1' ],
914 silly audit   'is-fullwidth-code-point': [ '3.0.0' ],
914 silly audit   'is-glob': [ '4.0.3' ],
914 silly audit   'is-plain-object': [ '2.0.4' ],
914 silly audit   isexe: [ '2.0.0' ],
914 silly audit   isobject: [ '3.0.1' ],
914 silly audit   'jest-regex-util': [ '30.0.1' ],
914 silly audit   'jest-util': [ '30.2.0' ],
914 silly audit   'jest-worker': [ '30.2.0', '27.5.1' ],
914 silly audit   'js-tokens': [ '4.0.0', '9.0.1' ],
914 silly audit   jsesc: [ '3.1.0' ],
914 silly audit   'json-parse-even-better-errors': [ '2.3.1' ],
914 silly audit   'json-schema-traverse': [ '1.0.0' ],
914 silly audit   json5: [ '2.2.3' ],
914 silly audit   'kind-of': [ '6.0.3' ],
914 silly audit   lilconfig: [ '3.1.3' ],
914 silly audit   'loader-runner': [ '4.3.1' ],
914 silly audit   'loader-utils': [ '2.0.4' ],
914 silly audit   'locate-path': [ '6.0.0', '5.0.0' ],
914 silly audit   lodash: [ '4.17.23' ],
914 silly audit   'lodash.debounce': [ '4.0.8' ],
914 silly audit   'lodash.memoize': [ '4.1.2' ],
914 silly audit   'lodash.uniq': [ '4.5.0' ],
914 silly audit   'lru-cache': [ '5.1.1', '10.4.3' ],
914 silly audit   'merge-stream': [ '2.0.0' ],
914 silly audit   'mime-db': [ '1.52.0' ],
914 silly audit   'mime-types': [ '2.1.35' ],
914 silly audit   'mini-css-extract-plugin': [ '2.9.4' ],
914 silly audit   ms: [ '2.1.3' ],
914 silly audit   nanoid: [ '3.3.11' ],
914 silly audit   'neo-async': [ '2.6.2' ],
914 silly audit   'node-addon-api': [ '7.1.1' ],
914 silly audit   'node-releases': [ '2.0.27' ],
914 silly audit   'nth-check': [ '2.1.1' ],
914 silly audit   'p-limit': [ '3.1.0', '2.3.0' ],
914 silly audit   'p-locate': [ '5.0.0', '4.1.0' ],
914 silly audit   'p-try': [ '2.2.0' ],
914 silly audit   'path-exists': [ '4.0.0' ],
914 silly audit   'path-key': [ '3.1.1' ],
914 silly audit   'path-parse': [ '1.0.7' ],
914 silly audit   picocolors: [ '1.1.1' ],
914 silly audit   picomatch: [ '4.0.3' ],
914 silly audit   'pkg-dir': [ '4.2.0' ],
914 silly audit   postcss: [ '8.5.6' ],
914 silly audit   'postcss-calc': [ '10.1.1' ],
914 silly audit   'postcss-colormin': [ '7.0.5' ],
914 silly audit   'postcss-convert-values': [ '7.0.8' ],
914 silly audit   'postcss-discard-comments': [ '7.0.5' ],
914 silly audit   'postcss-discard-duplicates': [ '7.0.2' ],
914 silly audit   'postcss-discard-empty': [ '7.0.1' ],
914 silly audit   'postcss-discard-overridden': [ '7.0.1' ],
914 silly audit   'postcss-merge-longhand': [ '7.0.5' ],
914 silly audit   'postcss-merge-rules': [ '7.0.7' ],
914 silly audit   'postcss-minify-font-values': [ '7.0.1' ],
914 silly audit   'postcss-minify-gradients': [ '7.0.1' ],
914 silly audit   'postcss-minify-params': [ '7.0.5' ],
914 silly audit   'postcss-minify-selectors': [ '7.0.5' ],
914 silly audit   'postcss-modules-extract-imports': [ '3.1.0' ],
914 silly audit   'postcss-modules-local-by-default': [ '4.2.0' ],
914 silly audit   'postcss-modules-scope': [ '3.2.1' ],
914 silly audit   'postcss-modules-values': [ '4.0.0' ],
914 silly audit   'postcss-normalize-charset': [ '7.0.1' ],
914 silly audit   'postcss-normalize-display-values': [ '7.0.1' ],
914 silly audit   'postcss-normalize-positions': [ '7.0.1' ],
914 silly audit   'postcss-normalize-repeat-style': [ '7.0.1' ],
914 silly audit   'postcss-normalize-string': [ '7.0.1' ],
914 silly audit   'postcss-normalize-timing-functions': [ '7.0.1' ],
914 silly audit   'postcss-normalize-unicode': [ '7.0.5' ],
914 silly audit   'postcss-normalize-url': [ '7.0.1' ],
914 silly audit   'postcss-normalize-whitespace': [ '7.0.1' ],
914 silly audit   'postcss-ordered-values': [ '7.0.2' ],
914 silly audit   'postcss-reduce-initial': [ '7.0.5' ],
914 silly audit   'postcss-reduce-transforms': [ '7.0.1' ],
914 silly audit   'postcss-selector-parser': [ '7.1.1' ],
914 silly audit   'postcss-svgo': [ '7.1.0' ],
914 silly audit   'postcss-unique-selectors': [ '7.0.4' ],
914 silly audit   'postcss-value-parser': [ '4.2.0' ],
914 silly audit   prettier: [ '3.8.1' ],
914 silly audit   'pretty-error': [ '4.0.0' ],
914 silly audit   randombytes: [ '2.1.0' ],
914 silly audit   readdirp: [ '4.1.2' ],
914 silly audit   rechoir: [ '0.8.0' ],
914 silly audit   regenerate: [ '1.4.2' ],
914 silly audit   'regenerate-unicode-properties': [ '10.2.2' ],
914 silly audit   'regenerator-runtime': [ '0.13.11' ],
914 silly audit   'regex-parser': [ '2.3.1' ],
914 silly audit   'regexpu-core': [ '6.4.0' ],
914 silly audit   regjsgen: [ '0.8.0' ],
914 silly audit   regjsparser: [ '0.13.0' ],
914 silly audit   renderkid: [ '3.0.0' ],
914 silly audit   'require-from-string': [ '2.0.2' ],
914 silly audit   resolve: [ '1.22.11' ],
914 silly audit   'resolve-cwd': [ '3.0.0' ],
914 silly audit   'resolve-from': [ '5.0.0' ],
914 silly audit   'resolve-url-loader': [ '5.0.0' ],
914 silly audit   'safe-buffer': [ '5.2.1' ],
914 silly audit   sass: [ '1.97.3' ],
914 silly audit   'sass-loader': [ '16.0.6' ],
914 silly audit   sax: [ '1.4.4' ],
914 silly audit   'schema-utils': [ '4.3.3' ],
914 silly audit   'serialize-javascript': [ '6.0.2' ],
914 silly audit   'shallow-clone': [ '3.0.1' ],
914 silly audit   'shebang-command': [ '2.0.0' ],
914 silly audit   'shebang-regex': [ '3.0.0' ],
914 silly audit   'source-list-map': [ '2.0.1' ],
914 silly audit   'source-map': [ '0.6.1' ],
914 silly audit   'source-map-js': [ '1.2.1' ],
914 silly audit   'source-map-support': [ '0.5.21' ],
914 silly audit   stackframe: [ '1.3.4' ],
914 silly audit   'string-width': [ '4.2.3' ],
914 silly audit   'strip-ansi': [ '6.0.1' ],
914 silly audit   'style-loader': [ '4.0.0' ],
914 silly audit   stylehacks: [ '7.0.7' ],
914 silly audit   'supports-preserve-symlinks-flag': [ '1.0.0' ],
914 silly audit   svgo: [ '4.0.0' ],
914 silly audit   tapable: [ '2.3.0' ],
914 silly audit   terser: [ '5.46.0' ],
914 silly audit   'terser-webpack-plugin': [ '5.3.16' ],
914 silly audit   tmp: [ '0.2.5' ],
914 silly audit   'undici-types': [ '7.16.0' ],
914 silly audit   'unicode-canonical-property-names-ecmascript': [ '2.0.1' ],
914 silly audit   'unicode-match-property-ecmascript': [ '2.0.0' ],
914 silly audit   'unicode-match-property-value-ecmascript': [ '2.2.1' ],
914 silly audit   'unicode-property-aliases-ecmascript': [ '2.2.0' ],
914 silly audit   'update-browserslist-db': [ '1.2.3' ],
914 silly audit   'util-deprecate': [ '1.0.2' ],
914 silly audit   utila: [ '0.4.0' ],
914 silly audit   watchpack: [ '2.5.1' ],
914 silly audit   webpack: [ '5.104.1' ],
914 silly audit   'webpack-cli': [ '5.1.4' ],
914 silly audit   'webpack-manifest-plugin': [ '5.0.1' ],
914 silly audit   'webpack-sources': [ '2.3.1', '3.3.3' ],
914 silly audit   'webpack-merge': [ '5.10.0' ],
914 silly audit   which: [ '2.0.2' ],
914 silly audit   wildcard: [ '2.0.1' ],
914 silly audit   yallist: [ '3.1.1' ],
914 silly audit   'yargs-parser': [ '21.1.1' ],
914 silly audit   'yocto-queue': [ '0.1.0' ],
914 silly audit   '@symfony/ux-turbo': [ '2.31.0' ],
914 silly audit   '@testing-library/dom': [ '10.4.1' ],
914 silly audit   '@testing-library/jest-dom': [ '6.9.1' ],
914 silly audit   '@testing-library/user-event': [ '14.6.1' ],
914 silly audit   '@types/hotwired__turbo': [ '8.0.6' ],
914 silly audit   jsdom: [ '26.1.0' ],
914 silly audit   tslib: [ '2.8.1' ],
914 silly audit   tsx: [ '4.21.0' ],
914 silly audit   typescript: [ '5.9.3' ],
914 silly audit   vitest: [ '3.2.4' ],
914 silly audit   '@babel/runtime': [ '7.28.6' ],
914 silly audit   '@types/aria-query': [ '5.0.4' ],
914 silly audit   'aria-query': [ '5.3.0' ],
914 silly audit   'dom-accessibility-api': [ '0.5.16', '0.6.3' ],
914 silly audit   'lz-string': [ '1.5.0' ],
914 silly audit   'pretty-format': [ '27.5.1' ],
914 silly audit   '@adobe/css-tools': [ '4.4.4' ],
914 silly audit   'css.escape': [ '1.5.1' ],
914 silly audit   redent: [ '3.0.0' ],
914 silly audit   dequal: [ '2.0.3' ],
914 silly audit   cssstyle: [ '4.6.0' ],
914 silly audit   'data-urls': [ '5.0.0' ],
914 silly audit   'decimal.js': [ '10.6.0' ],
914 silly audit   'html-encoding-sniffer': [ '4.0.0' ],
914 silly audit   'http-proxy-agent': [ '7.0.2' ],
914 silly audit   'https-proxy-agent': [ '7.0.6' ],
914 silly audit   'is-potential-custom-element-name': [ '1.0.1' ],
914 silly audit   nwsapi: [ '2.2.23' ],
914 silly audit   parse5: [ '7.3.0' ],
914 silly audit   'rrweb-cssom': [ '0.8.0' ],
914 silly audit   saxes: [ '6.0.0' ],
914 silly audit   'symbol-tree': [ '3.2.4' ],
914 silly audit   'tough-cookie': [ '5.1.2' ],
914 silly audit   'w3c-xmlserializer': [ '5.0.0' ],
914 silly audit   'webidl-conversions': [ '7.0.0' ],
914 silly audit   'whatwg-encoding': [ '3.1.1' ],
914 silly audit   'whatwg-mimetype': [ '4.0.0' ],
914 silly audit   'whatwg-url': [ '14.2.0' ],
914 silly audit   ws: [ '8.19.0' ],
914 silly audit   'xml-name-validator': [ '5.0.0' ],
914 silly audit   '@asamuzakjp/css-color': [ '3.2.0' ],
914 silly audit   '@csstools/css-calc': [ '2.1.4' ],
914 silly audit   '@csstools/css-tokenizer': [ '3.0.4' ],
914 silly audit   '@csstools/css-parser-algorithms': [ '3.0.5' ],
914 silly audit   '@csstools/css-color-parser': [ '3.1.0' ],
914 silly audit   '@csstools/color-helpers': [ '5.1.0' ],
914 silly audit   'agent-base': [ '7.1.4' ],
914 silly audit   'react-is': [ '17.0.2' ],
914 silly audit   'indent-string': [ '4.0.0' ],
914 silly audit   'strip-indent': [ '3.0.0' ],
914 silly audit   xmlchars: [ '2.2.0' ],
914 silly audit   'min-indent': [ '1.0.1' ],
914 silly audit   tldts: [ '6.1.86' ],
914 silly audit   'tldts-core': [ '6.1.86' ],
914 silly audit   esbuild: [ '0.27.2' ],
914 silly audit   fsevents: [ '2.3.3' ],
914 silly audit   'get-tsconfig': [ '4.13.1' ],
914 silly audit   '@esbuild/aix-ppc64': [ '0.27.2' ],
914 silly audit   '@esbuild/android-arm': [ '0.27.2' ],
914 silly audit   '@esbuild/android-arm64': [ '0.27.2' ],
914 silly audit   '@esbuild/android-x64': [ '0.27.2' ],
914 silly audit   '@esbuild/darwin-arm64': [ '0.27.2' ],
914 silly audit   '@esbuild/darwin-x64': [ '0.27.2' ],
914 silly audit   '@esbuild/freebsd-arm64': [ '0.27.2' ],
914 silly audit   '@esbuild/freebsd-x64': [ '0.27.2' ],
914 silly audit   '@esbuild/linux-arm': [ '0.27.2' ],
914 silly audit   '@esbuild/linux-arm64': [ '0.27.2' ],
914 silly audit   '@esbuild/linux-ia32': [ '0.27.2' ],
914 silly audit   '@esbuild/linux-loong64': [ '0.27.2' ],
914 silly audit   '@esbuild/linux-mips64el': [ '0.27.2' ],
914 silly audit   '@esbuild/linux-ppc64': [ '0.27.2' ],
914 silly audit   '@esbuild/linux-riscv64': [ '0.27.2' ],
914 silly audit   '@esbuild/linux-s390x': [ '0.27.2' ],
914 silly audit   '@esbuild/linux-x64': [ '0.27.2' ],
914 silly audit   '@esbuild/netbsd-arm64': [ '0.27.2' ],
914 silly audit   '@esbuild/netbsd-x64': [ '0.27.2' ],
914 silly audit   '@esbuild/openbsd-arm64': [ '0.27.2' ],
914 silly audit   '@esbuild/openbsd-x64': [ '0.27.2' ],
914 silly audit   '@esbuild/openharmony-arm64': [ '0.27.2' ],
914 silly audit   '@esbuild/sunos-x64': [ '0.27.2' ],
914 silly audit   '@esbuild/win32-arm64': [ '0.27.2' ],
914 silly audit   '@esbuild/win32-ia32': [ '0.27.2' ],
914 silly audit   '@esbuild/win32-x64': [ '0.27.2' ],
914 silly audit   'resolve-pkg-maps': [ '1.0.0' ],
914 silly audit   '@types/chai': [ '5.2.3' ],
914 silly audit   '@vitest/expect': [ '3.2.4' ],
914 silly audit   '@vitest/mocker': [ '3.2.4' ],
914 silly audit   '@vitest/pretty-format': [ '3.2.4' ],
914 silly audit   '@vitest/runner': [ '3.2.4' ],
914 silly audit   '@vitest/snapshot': [ '3.2.4' ],
914 silly audit   '@vitest/spy': [ '3.2.4' ],
914 silly audit   '@vitest/utils': [ '3.2.4' ],
914 silly audit   chai: [ '5.3.3' ],
914 silly audit   'expect-type': [ '1.3.0' ],
914 silly audit   'magic-string': [ '0.30.21' ],
914 silly audit   pathe: [ '2.0.3' ],
914 silly audit   'std-env': [ '3.10.0' ],
914 silly audit   tinybench: [ '2.9.0' ],
914 silly audit   tinyexec: [ '0.3.2' ],
914 silly audit   tinyglobby: [ '0.2.15' ],
914 silly audit   tinypool: [ '1.1.1' ],
914 silly audit   tinyrainbow: [ '2.0.0' ],
914 silly audit   vite: [ '7.3.1' ],
914 silly audit   'vite-node': [ '3.2.4' ],
914 silly audit   'why-is-node-running': [ '2.3.0' ],
914 silly audit   '@types/deep-eql': [ '4.0.2' ],
914 silly audit   'assertion-error': [ '2.0.1' ],
914 silly audit   'estree-walker': [ '3.0.3' ],
914 silly audit   'strip-literal': [ '3.1.0' ],
914 silly audit   tinyspy: [ '4.0.4' ],
914 silly audit   loupe: [ '3.2.1' ],
914 silly audit   'check-error': [ '2.1.3' ],
914 silly audit   'deep-eql': [ '5.0.2' ],
914 silly audit   pathval: [ '2.0.1' ],
914 silly audit   fdir: [ '6.5.0' ],
914 silly audit   rollup: [ '4.57.1' ],
914 silly audit   '@rollup/rollup-android-arm-eabi': [ '4.57.1' ],
914 silly audit   '@rollup/rollup-android-arm64': [ '4.57.1' ],
914 silly audit   '@rollup/rollup-darwin-arm64': [ '4.57.1' ],
914 silly audit   '@rollup/rollup-darwin-x64': [ '4.57.1' ],
914 silly audit   '@rollup/rollup-freebsd-arm64': [ '4.57.1' ],
914 silly audit   '@rollup/rollup-freebsd-x64': [ '4.57.1' ],
914 silly audit   '@rollup/rollup-linux-arm-gnueabihf': [ '4.57.1' ],
914 silly audit   '@rollup/rollup-linux-arm-musleabihf': [ '4.57.1' ],
914 silly audit   '@rollup/rollup-linux-arm64-gnu': [ '4.57.1' ],
914 silly audit   '@rollup/rollup-linux-arm64-musl': [ '4.57.1' ],
914 silly audit   '@rollup/rollup-linux-loong64-gnu': [ '4.57.1' ],
914 silly audit   '@rollup/rollup-linux-loong64-musl': [ '4.57.1' ],
914 silly audit   '@rollup/rollup-linux-ppc64-gnu': [ '4.57.1' ],
914 silly audit   '@rollup/rollup-linux-ppc64-musl': [ '4.57.1' ],
914 silly audit   '@rollup/rollup-linux-riscv64-gnu': [ '4.57.1' ],
914 silly audit   '@rollup/rollup-linux-riscv64-musl': [ '4.57.1' ],
914 silly audit   '@rollup/rollup-linux-s390x-gnu': [ '4.57.1' ],
914 silly audit   '@rollup/rollup-linux-x64-gnu': [ '4.57.1' ],
914 silly audit   '@rollup/rollup-linux-x64-musl': [ '4.57.1' ],
914 silly audit   '@rollup/rollup-openbsd-x64': [ '4.57.1' ],
914 silly audit   '@rollup/rollup-openharmony-arm64': [ '4.57.1' ],
914 silly audit   '@rollup/rollup-win32-arm64-msvc': [ '4.57.1' ],
914 silly audit   '@rollup/rollup-win32-ia32-msvc': [ '4.57.1' ],
914 silly audit   '@rollup/rollup-win32-x64-gnu': [ '4.57.1' ],
914 silly audit   '@rollup/rollup-win32-x64-msvc': [ '4.57.1' ],
914 silly audit   cac: [ '6.7.14' ],
914 silly audit   'iconv-lite': [ '0.6.3' ],
914 silly audit   'safer-buffer': [ '2.1.2' ],
914 silly audit   tr46: [ '5.1.1' ],
914 silly audit   punycode: [ '2.3.1' ],
914 silly audit   siginfo: [ '2.0.0' ],
914 silly audit   stackback: [ '0.0.2' ]
914 silly audit }
915 http cache stackback@https://registry.npmjs.org/stackback/-/stackback-0.0.2.tgz 0ms (cache hit)
916 http cache siginfo@https://registry.npmjs.org/siginfo/-/siginfo-2.0.0.tgz 0ms (cache hit)
917 http cache punycode@https://registry.npmjs.org/punycode/-/punycode-2.3.1.tgz 0ms (cache hit)
918 http cache tr46@https://registry.npmjs.org/tr46/-/tr46-5.1.1.tgz 0ms (cache hit)
919 http cache safer-buffer@https://registry.npmjs.org/safer-buffer/-/safer-buffer-2.1.2.tgz 0ms (cache hit)
920 http cache cac@https://registry.npmjs.org/cac/-/cac-6.7.14.tgz 0ms (cache hit)
921 http cache iconv-lite@https://registry.npmjs.org/iconv-lite/-/iconv-lite-0.6.3.tgz 0ms (cache hit)
922 http cache @rollup/rollup-linux-x64-musl@https://registry.npmjs.org/@rollup/rollup-linux-x64-musl/-/rollup-linux-x64-musl-4.57.1.tgz 0ms (cache hit)
923 http cache rollup@https://registry.npmjs.org/rollup/-/rollup-4.57.1.tgz 0ms (cache hit)
924 http cache fdir@https://registry.npmjs.org/fdir/-/fdir-6.5.0.tgz 0ms (cache hit)
925 http cache pathval@https://registry.npmjs.org/pathval/-/pathval-2.0.1.tgz 0ms (cache hit)
926 http cache deep-eql@https://registry.npmjs.org/deep-eql/-/deep-eql-5.0.2.tgz 0ms (cache hit)
927 http cache check-error@https://registry.npmjs.org/check-error/-/check-error-2.1.3.tgz 0ms (cache hit)
928 http cache loupe@https://registry.npmjs.org/loupe/-/loupe-3.2.1.tgz 0ms (cache hit)
929 http cache tinyspy@https://registry.npmjs.org/tinyspy/-/tinyspy-4.0.4.tgz 0ms (cache hit)
930 http cache strip-literal@https://registry.npmjs.org/strip-literal/-/strip-literal-3.1.0.tgz 0ms (cache hit)
931 http cache estree-walker@https://registry.npmjs.org/estree-walker/-/estree-walker-3.0.3.tgz 0ms (cache hit)
932 http cache assertion-error@https://registry.npmjs.org/assertion-error/-/assertion-error-2.0.1.tgz 0ms (cache hit)
933 http cache @types/deep-eql@https://registry.npmjs.org/@types/deep-eql/-/deep-eql-4.0.2.tgz 0ms (cache hit)
934 http cache vite-node@https://registry.npmjs.org/vite-node/-/vite-node-3.2.4.tgz 0ms (cache hit)
935 http cache why-is-node-running@https://registry.npmjs.org/why-is-node-running/-/why-is-node-running-2.3.0.tgz 0ms (cache hit)
936 http cache vite@https://registry.npmjs.org/vite/-/vite-7.3.1.tgz 0ms (cache hit)
937 http cache tinyrainbow@https://registry.npmjs.org/tinyrainbow/-/tinyrainbow-2.0.0.tgz 0ms (cache hit)
938 http cache tinypool@https://registry.npmjs.org/tinypool/-/tinypool-1.1.1.tgz 0ms (cache hit)
939 http cache tinyglobby@https://registry.npmjs.org/tinyglobby/-/tinyglobby-0.2.15.tgz 0ms (cache hit)
940 http cache tinybench@https://registry.npmjs.org/tinybench/-/tinybench-2.9.0.tgz 0ms (cache hit)
941 http cache tinyexec@https://registry.npmjs.org/tinyexec/-/tinyexec-0.3.2.tgz 0ms (cache hit)
942 http cache std-env@https://registry.npmjs.org/std-env/-/std-env-3.10.0.tgz 0ms (cache hit)
943 http cache magic-string@https://registry.npmjs.org/magic-string/-/magic-string-0.30.21.tgz 0ms (cache hit)
944 http cache expect-type@https://registry.npmjs.org/expect-type/-/expect-type-1.3.0.tgz 0ms (cache hit)
945 http cache chai@https://registry.npmjs.org/chai/-/chai-5.3.3.tgz 0ms (cache hit)
946 http cache @vitest/utils@https://registry.npmjs.org/@vitest/utils/-/utils-3.2.4.tgz 0ms (cache hit)
947 http cache @vitest/spy@https://registry.npmjs.org/@vitest/spy/-/spy-3.2.4.tgz 0ms (cache hit)
948 http cache @vitest/snapshot@https://registry.npmjs.org/@vitest/snapshot/-/snapshot-3.2.4.tgz 0ms (cache hit)
949 http cache pathe@https://registry.npmjs.org/pathe/-/pathe-2.0.3.tgz 0ms (cache hit)
950 http cache @vitest/runner@https://registry.npmjs.org/@vitest/runner/-/runner-3.2.4.tgz 0ms (cache hit)
951 http cache @vitest/pretty-format@https://registry.npmjs.org/@vitest/pretty-format/-/pretty-format-3.2.4.tgz 0ms (cache hit)
952 http cache @vitest/mocker@https://registry.npmjs.org/@vitest/mocker/-/mocker-3.2.4.tgz 0ms (cache hit)
953 http cache @vitest/expect@https://registry.npmjs.org/@vitest/expect/-/expect-3.2.4.tgz 0ms (cache hit)
954 http cache resolve-pkg-maps@https://registry.npmjs.org/resolve-pkg-maps/-/resolve-pkg-maps-1.0.0.tgz 0ms (cache hit)
955 http cache @types/chai@https://registry.npmjs.org/@types/chai/-/chai-5.2.3.tgz 0ms (cache hit)
956 http cache @esbuild/linux-x64@https://registry.npmjs.org/@esbuild/linux-x64/-/linux-x64-0.27.2.tgz 0ms (cache hit)
957 http cache get-tsconfig@https://registry.npmjs.org/get-tsconfig/-/get-tsconfig-4.13.1.tgz 0ms (cache hit)
958 http cache esbuild@https://registry.npmjs.org/esbuild/-/esbuild-0.27.2.tgz 0ms (cache hit)
959 http cache tldts-core@https://registry.npmjs.org/tldts-core/-/tldts-core-6.1.86.tgz 0ms (cache hit)
960 http cache min-indent@https://registry.npmjs.org/min-indent/-/min-indent-1.0.1.tgz 0ms (cache hit)
961 http cache tldts@https://registry.npmjs.org/tldts/-/tldts-6.1.86.tgz 0ms (cache hit)
962 http cache xmlchars@https://registry.npmjs.org/xmlchars/-/xmlchars-2.2.0.tgz 0ms (cache hit)
963 http cache strip-indent@https://registry.npmjs.org/strip-indent/-/strip-indent-3.0.0.tgz 0ms (cache hit)
964 http cache indent-string@https://registry.npmjs.org/indent-string/-/indent-string-4.0.0.tgz 0ms (cache hit)
965 http cache react-is@https://registry.npmjs.org/react-is/-/react-is-17.0.2.tgz 0ms (cache hit)
966 http cache agent-base@https://registry.npmjs.org/agent-base/-/agent-base-7.1.4.tgz 0ms (cache hit)
967 http cache @csstools/css-parser-algorithms@https://registry.npmjs.org/@csstools/css-parser-algorithms/-/css-parser-algorithms-3.0.5.tgz 0ms (cache hit)
968 http cache @csstools/color-helpers@https://registry.npmjs.org/@csstools/color-helpers/-/color-helpers-5.1.0.tgz 0ms (cache hit)
969 http cache @csstools/css-color-parser@https://registry.npmjs.org/@csstools/css-color-parser/-/css-color-parser-3.1.0.tgz 0ms (cache hit)
970 http cache @csstools/css-tokenizer@https://registry.npmjs.org/@csstools/css-tokenizer/-/css-tokenizer-3.0.4.tgz 0ms (cache hit)
971 http cache @csstools/css-calc@https://registry.npmjs.org/@csstools/css-calc/-/css-calc-2.1.4.tgz 0ms (cache hit)
972 http cache @asamuzakjp/css-color@https://registry.npmjs.org/@asamuzakjp/css-color/-/css-color-3.2.0.tgz 0ms (cache hit)
973 http cache xml-name-validator@https://registry.npmjs.org/xml-name-validator/-/xml-name-validator-5.0.0.tgz 0ms (cache hit)
974 http cache ws@https://registry.npmjs.org/ws/-/ws-8.19.0.tgz 0ms (cache hit)
975 http cache whatwg-url@https://registry.npmjs.org/whatwg-url/-/whatwg-url-14.2.0.tgz 0ms (cache hit)
976 http cache whatwg-mimetype@https://registry.npmjs.org/whatwg-mimetype/-/whatwg-mimetype-4.0.0.tgz 0ms (cache hit)
977 http cache whatwg-encoding@https://registry.npmjs.org/whatwg-encoding/-/whatwg-encoding-3.1.1.tgz 0ms (cache hit)
978 http cache webidl-conversions@https://registry.npmjs.org/webidl-conversions/-/webidl-conversions-7.0.0.tgz 0ms (cache hit)
979 http cache w3c-xmlserializer@https://registry.npmjs.org/w3c-xmlserializer/-/w3c-xmlserializer-5.0.0.tgz 0ms (cache hit)
980 http cache symbol-tree@https://registry.npmjs.org/symbol-tree/-/symbol-tree-3.2.4.tgz 0ms (cache hit)
981 http cache tough-cookie@https://registry.npmjs.org/tough-cookie/-/tough-cookie-5.1.2.tgz 0ms (cache hit)
982 http cache saxes@https://registry.npmjs.org/saxes/-/saxes-6.0.0.tgz 0ms (cache hit)
983 http cache rrweb-cssom@https://registry.npmjs.org/rrweb-cssom/-/rrweb-cssom-0.8.0.tgz 0ms (cache hit)
984 http cache parse5@https://registry.npmjs.org/parse5/-/parse5-7.3.0.tgz 0ms (cache hit)
985 http cache nwsapi@https://registry.npmjs.org/nwsapi/-/nwsapi-2.2.23.tgz 0ms (cache hit)
986 http cache is-potential-custom-element-name@https://registry.npmjs.org/is-potential-custom-element-name/-/is-potential-custom-element-name-1.0.1.tgz 0ms (cache hit)
987 http cache https-proxy-agent@https://registry.npmjs.org/https-proxy-agent/-/https-proxy-agent-7.0.6.tgz 0ms (cache hit)
988 http cache http-proxy-agent@https://registry.npmjs.org/http-proxy-agent/-/http-proxy-agent-7.0.2.tgz 0ms (cache hit)
989 http cache html-encoding-sniffer@https://registry.npmjs.org/html-encoding-sniffer/-/html-encoding-sniffer-4.0.0.tgz 0ms (cache hit)
990 http cache data-urls@https://registry.npmjs.org/data-urls/-/data-urls-5.0.0.tgz 0ms (cache hit)
991 http cache decimal.js@https://registry.npmjs.org/decimal.js/-/decimal.js-10.6.0.tgz 0ms (cache hit)
992 http cache cssstyle@https://registry.npmjs.org/cssstyle/-/cssstyle-4.6.0.tgz 0ms (cache hit)
993 http cache dequal@https://registry.npmjs.org/dequal/-/dequal-2.0.3.tgz 0ms (cache hit)
994 http cache redent@https://registry.npmjs.org/redent/-/redent-3.0.0.tgz 0ms (cache hit)
995 http cache css.escape@https://registry.npmjs.org/css.escape/-/css.escape-1.5.1.tgz 0ms (cache hit)
996 http cache @adobe/css-tools@https://registry.npmjs.org/@adobe/css-tools/-/css-tools-4.4.4.tgz 0ms (cache hit)
997 http cache pretty-format@https://registry.npmjs.org/pretty-format/-/pretty-format-27.5.1.tgz 0ms (cache hit)
998 http cache lz-string@https://registry.npmjs.org/lz-string/-/lz-string-1.5.0.tgz 0ms (cache hit)
999 http cache dom-accessibility-api@https://registry.npmjs.org/dom-accessibility-api/-/dom-accessibility-api-0.5.16.tgz 0ms (cache hit)
1000 http cache aria-query@https://registry.npmjs.org/aria-query/-/aria-query-5.3.0.tgz 0ms (cache hit)
1001 http cache @types/aria-query@https://registry.npmjs.org/@types/aria-query/-/aria-query-5.0.4.tgz 0ms (cache hit)
1002 http cache @babel/runtime@https://registry.npmjs.org/@babel/runtime/-/runtime-7.28.6.tgz 0ms (cache hit)
1003 http cache vitest@https://registry.npmjs.org/vitest/-/vitest-3.2.4.tgz 0ms (cache hit)
1004 http cache typescript@https://registry.npmjs.org/typescript/-/typescript-5.9.3.tgz 0ms (cache hit)
1005 http cache tsx@https://registry.npmjs.org/tsx/-/tsx-4.21.0.tgz 0ms (cache hit)
1006 http cache tslib@https://registry.npmjs.org/tslib/-/tslib-2.8.1.tgz 0ms (cache hit)
1007 http cache jsdom@https://registry.npmjs.org/jsdom/-/jsdom-26.1.0.tgz 0ms (cache hit)
1008 http cache @types/hotwired__turbo@https://registry.npmjs.org/@types/hotwired__turbo/-/hotwired__turbo-8.0.6.tgz 0ms (cache hit)
1009 http cache @testing-library/user-event@https://registry.npmjs.org/@testing-library/user-event/-/user-event-14.6.1.tgz 0ms (cache hit)
1010 http cache @testing-library/jest-dom@https://registry.npmjs.org/@testing-library/jest-dom/-/jest-dom-6.9.1.tgz 0ms (cache hit)
1011 http cache @testing-library/dom@https://registry.npmjs.org/@testing-library/dom/-/dom-10.4.1.tgz 0ms (cache hit)
1012 http cache js-tokens@https://registry.npmjs.org/js-tokens/-/js-tokens-9.0.1.tgz 0ms (cache hit)
1013 http cache es-module-lexer@https://registry.npmjs.org/es-module-lexer/-/es-module-lexer-1.7.0.tgz 0ms (cache hit)
1014 http cache lru-cache@https://registry.npmjs.org/lru-cache/-/lru-cache-10.4.3.tgz 0ms (cache hit)
1015 http cache entities@https://registry.npmjs.org/entities/-/entities-6.0.1.tgz 0ms (cache hit)
1016 http cache ansi-styles@https://registry.npmjs.org/ansi-styles/-/ansi-styles-5.2.0.tgz 0ms (cache hit)
1017 http cache dom-accessibility-api@https://registry.npmjs.org/dom-accessibility-api/-/dom-accessibility-api-0.6.3.tgz 0ms (cache hit)
1018 silly tarball no local data for @rollup/rollup-linux-x64-musl@https://registry.npmjs.org/@rollup/rollup-linux-x64-musl/-/rollup-linux-x64-musl-4.57.1.tgz. Extracting by manifest.
1019 silly tarball no local data for rollup@https://registry.npmjs.org/rollup/-/rollup-4.57.1.tgz. Extracting by manifest.
1020 silly tarball no local data for get-tsconfig@https://registry.npmjs.org/get-tsconfig/-/get-tsconfig-4.13.1.tgz. Extracting by manifest.
1021 silly tarball no local data for @types/hotwired__turbo@https://registry.npmjs.org/@types/hotwired__turbo/-/hotwired__turbo-8.0.6.tgz. Extracting by manifest.
1022 http fetch POST 200 https://registry.npmjs.org/-/npm/v1/security/advisories/bulk 336ms
1023 silly audit report {}
1024 warn deprecated whatwg-encoding@3.1.1: Use @exodus/bytes instead for a more spec-conformant and faster implementation
1025 http fetch GET 200 https://registry.npmjs.org/@types/hotwired__turbo/-/hotwired__turbo-8.0.6.tgz 340ms (cache miss)
1026 http fetch GET 200 https://registry.npmjs.org/get-tsconfig/-/get-tsconfig-4.13.1.tgz 363ms (cache miss)
1027 http fetch GET 200 https://registry.npmjs.org/@rollup/rollup-linux-x64-musl/-/rollup-linux-x64-musl-4.57.1.tgz 440ms (cache miss)
1028 http fetch GET 200 https://registry.npmjs.org/rollup/-/rollup-4.57.1.tgz 474ms (cache miss)
1029 info run esbuild@0.27.2 postinstall node_modules/esbuild node install.js
1030 info run esbuild@0.27.2 postinstall { code: 0, signal: null }
1031 silly ADD node_modules/stackback
1032 silly ADD node_modules/siginfo
1033 silly ADD node_modules/punycode
1034 silly ADD node_modules/tr46
1035 silly ADD node_modules/safer-buffer
1036 silly ADD node_modules/iconv-lite
1037 silly ADD node_modules/cac
1038 silly ADD node_modules/@rollup/rollup-linux-x64-musl
1039 silly ADD node_modules/rollup
1040 silly ADD node_modules/fdir
1041 silly ADD node_modules/pathval
1042 silly ADD node_modules/deep-eql
1043 silly ADD node_modules/check-error
1044 silly ADD node_modules/loupe
1045 silly ADD node_modules/tinyspy
1046 silly ADD node_modules/strip-literal
1047 silly ADD node_modules/strip-literal/node_modules/js-tokens
1048 silly ADD node_modules/estree-walker
1049 silly ADD node_modules/assertion-error
1050 silly ADD node_modules/@types/deep-eql
1051 silly ADD node_modules/why-is-node-running
1052 silly ADD node_modules/vite-node
1053 silly ADD node_modules/vite-node/node_modules/es-module-lexer
1054 silly ADD node_modules/vite
1055 silly ADD node_modules/tinyrainbow
1056 silly ADD node_modules/tinypool
1057 silly ADD node_modules/tinyglobby
1058 silly ADD node_modules/tinyexec
1059 silly ADD node_modules/tinybench
1060 silly ADD node_modules/std-env
1061 silly ADD node_modules/pathe
1062 silly ADD node_modules/magic-string
1063 silly ADD node_modules/expect-type
1064 silly ADD node_modules/chai
1065 silly ADD node_modules/@vitest/utils
1066 silly ADD node_modules/@vitest/spy
1067 silly ADD node_modules/@vitest/snapshot
1068 silly ADD node_modules/@vitest/runner
1069 silly ADD node_modules/@vitest/pretty-format
1070 silly ADD node_modules/@vitest/mocker
1071 silly ADD node_modules/@vitest/expect
1072 silly ADD node_modules/@types/chai
1073 silly ADD node_modules/resolve-pkg-maps
1074 silly ADD node_modules/@esbuild/linux-x64
1075 silly ADD node_modules/get-tsconfig
1076 silly ADD node_modules/esbuild
1077 silly ADD node_modules/tldts-core
1078 silly ADD node_modules/tldts
1079 silly ADD node_modules/min-indent
1080 silly ADD node_modules/xmlchars
1081 silly ADD node_modules/strip-indent
1082 silly ADD node_modules/indent-string
1083 silly ADD node_modules/react-is
1084 silly ADD node_modules/agent-base
1085 silly ADD node_modules/@csstools/color-helpers
1086 silly ADD node_modules/@csstools/css-color-parser
1087 silly ADD node_modules/@csstools/css-parser-algorithms
1088 silly ADD node_modules/@csstools/css-tokenizer
1089 silly ADD node_modules/@csstools/css-calc
1090 silly ADD node_modules/@asamuzakjp/css-color
1091 silly ADD node_modules/@asamuzakjp/css-color/node_modules/lru-cache
1092 silly ADD node_modules/xml-name-validator
1093 silly ADD node_modules/ws
1094 silly ADD node_modules/whatwg-url
1095 silly ADD node_modules/whatwg-mimetype
1096 silly ADD node_modules/whatwg-encoding
1097 silly ADD node_modules/webidl-conversions
1098 silly ADD node_modules/w3c-xmlserializer
1099 silly ADD node_modules/tough-cookie
1100 silly ADD node_modules/symbol-tree
1101 silly ADD node_modules/saxes
1102 silly ADD node_modules/rrweb-cssom
1103 silly ADD node_modules/parse5
1104 silly ADD node_modules/parse5/node_modules/entities
1105 silly ADD node_modules/nwsapi
1106 silly ADD node_modules/is-potential-custom-element-name
1107 silly ADD node_modules/https-proxy-agent
1108 silly ADD node_modules/http-proxy-agent
1109 silly ADD node_modules/html-encoding-sniffer
1110 silly ADD node_modules/decimal.js
1111 silly ADD node_modules/data-urls
1112 silly ADD node_modules/cssstyle
1113 silly ADD node_modules/dequal
1114 silly ADD node_modules/redent
1115 silly ADD node_modules/css.escape
1116 silly ADD node_modules/@adobe/css-tools
1117 silly ADD node_modules/pretty-format
1118 silly ADD node_modules/pretty-format/node_modules/ansi-styles
1119 silly ADD node_modules/lz-string
1120 silly ADD node_modules/dom-accessibility-api
1121 silly ADD node_modules/aria-query
1122 silly ADD node_modules/@types/aria-query
1123 silly ADD node_modules/@babel/runtime
1124 silly ADD node_modules/vitest
1125 silly ADD node_modules/typescript
1126 silly ADD node_modules/tsx
1127 silly ADD node_modules/tslib
1128 silly ADD node_modules/jsdom
1129 silly ADD node_modules/@types/hotwired__turbo
1130 silly ADD node_modules/@testing-library/user-event
1131 silly ADD node_modules/@testing-library/jest-dom
1132 silly ADD node_modules/@testing-library/jest-dom/node_modules/dom-accessibility-api
1133 silly ADD node_modules/@testing-library/dom
1134 silly ADD node_modules/@symfony/ux-turbo
1135 verbose cwd /var/www
1136 verbose os Linux 6.14.0-37-generic
1137 verbose node v24.13.0
1138 verbose npm  v11.6.3
1139 verbose exit 0
1140 info ok
